Östgötagatan,59.314817932824454,18.07637597054392,http://reseplanerare.resrobot.se/bin/query.exe/sn?start=1&Z=7446199;7446199,Östgötagatan,59.314817932824454,18.07637597054392,http://reseplanerare.resrobot.se/bin/query.exe/sn?start=1&Z=7446200;7446199,Östgötagatan,59.314817932824454,18.07637597054392,http://reseplanerare.resrobot.se/bin/query.exe/sn?start=1&Z=7446201;7446199,Östgötagatan,59.314817932824454,18.07637597054392,http://reseplanerare.resrobot.se/bin/query.exe/sn?start=1&Z=7446202;7446199,Östgötagatan,59.314817932824454,18.07637597054392,http://reseplanerare.resrobot.se/bin/query.exe/sn?start=1&Z=7446203
Nytorgsgatan,59.31519986130016,18.081249669048894,http://reseplanerare.resrobot.se/bin/query.exe/sn?start=1&Z=7446198;7446198,Nytorgsgatan,59.31519986130016,18.081249669048894,http://reseplanerare.resrobot.se/bin/query.exe/sn?start=1&Z=7446199;7446198,Nytorgsgatan,59.31519986130016,18.081249669048894,http://reseplanerare.resrobot.se/bin/query.exe/sn?start=1&Z=7446200;7446198,Nytorgsgatan,59.31519986130016,18.081249669048894,http://reseplanerare.resrobot.se/bin/query.exe/sn?start=1&Z=7446201;7446198,Nytorgsgatan,59.31519986130016,18.081249669048894,http://reseplanerare.resrobot.se/bin/query.exe/sn?start=1&Z=7446202
Gustav Adolfs torg,59.32984614411262,18.068873048610637,http://reseplanerare.resrobot.se/bin/query.exe/sn?start=1&Z=7446197;;;;
Frösundavik,59.36914505709723,18.029546614579573,http://reseplanerare.resrobot.se/bin/query.exe/sn?start=1&Z=7446196;;;;
Frösunda strand,59.36969050655111,18.02440970067254,http://reseplanerare.resrobot.se/bin/query.exe/sn?start=1&Z=7446195;;;;
Stockholm Rosenlundsg/M Ladulå,59.311635165949234,18.058494223458013,http://reseplanerare.resrobot.se/bin/query.exe/sn?start=1&Z=7446193;;;;
Timmermansgränd,59.31223775105896,18.063627766612218,http://reseplanerare.resrobot.se/bin/query.exe/sn?start=1&Z=7446192;;;;
Hangövägen,59.348553533286086,18.11128061986781,http://reseplanerare.resrobot.se/bin/query.exe/sn?start=1&Z=7446206;;;;
Malmvägen,59.347570123936094,18.113570061955052,http://reseplanerare.resrobot.se/bin/query.exe/sn?start=1&Z=7446205;;;;
Erik Dahlbergsgatan (på Liding,59.348656882131145,18.09266672939059,http://reseplanerare.resrobot.se/bin/query.exe/sn?start=1&Z=7446204;;;;
Malmgårdsvägen,59.308508166711476,18.09211290511654,http://reseplanerare.resrobot.se/bin/query.exe/sn?start=1&Z=7446202;;;;
Ljusterögatan,59.30843243961717,18.0892626763691,http://reseplanerare.resrobot.se/bin/query.exe/sn?start=1&Z=7446201;;;;
Närkesgatan,59.31155356891129,18.080760119260344,http://reseplanerare.resrobot.se/bin/query.exe/sn?start=1&Z=7446200;;;;
Essingetorget,59.320559106354054,17.988441811656713,http://reseplanerare.resrobot.se/bin/query.exe/sn?start=1&Z=7446180;;;;
Luxgatan,59.324720534457434,18.00264205492604,http://reseplanerare.resrobot.se/bin/query.exe/sn?start=1&Z=7446181;;;;
Eremitvägen,59.31901328222557,17.992804854615986,http://reseplanerare.resrobot.se/bin/query.exe/sn?start=1&Z=7446178;;;;
Stenkullavägen,59.31908302468455,17.98971744588209,http://reseplanerare.resrobot.se/bin/query.exe/sn?start=1&Z=7446176;;;;
Flottbrovägen,59.32241605319581,17.99015967974492,http://reseplanerare.resrobot.se/bin/query.exe/sn?start=1&Z=7446177;;;;
Åsögatan (på Åsögatan),59.31283929234525,18.07294184928877,http://reseplanerare.resrobot.se/bin/query.exe/sn?start=1&Z=7446190;;;;
Ikea Barkarby,59.422382641169214,17.859243304279577,http://reseplanerare.resrobot.se/bin/query.exe/sn?start=1&Z=7446191;;;;
Vanadisplan,59.34495373227353,18.040042868304745,http://reseplanerare.resrobot.se/bin/query.exe/sn?start=1&Z=7446188;;;;
Siargatan,59.31308914721666,18.068900990063483,http://reseplanerare.resrobot.se/bin/query.exe/sn?start=1&Z=7446189;;;;
Norra Stationsgatan (på St Eri,59.348048817295805,18.04073854406255,http://reseplanerare.resrobot.se/bin/query.exe/sn?start=1&Z=7446187;;;;
Gammelgårdsvägen,59.31963816277213,17.99516395381564,http://reseplanerare.resrobot.se/bin/query.exe/sn?start=1&Z=7446184;;;;
Sällskapsvägen,59.32225605070411,17.995947248149292,http://reseplanerare.resrobot.se/bin/query.exe/sn?start=1&Z=7446185;;;;
Skogvaktargatan,59.354980859621755,18.100724779783825,http://reseplanerare.resrobot.se/bin/query.exe/sn?start=1&Z=7446165;;;;
Hjorthagens skola,59.35423699576476,18.09859937401735,http://reseplanerare.resrobot.se/bin/query.exe/sn?start=1&Z=7446164;;;;
Motalavägen,59.353190299306824,18.09633055787295,http://reseplanerare.resrobot.se/bin/query.exe/sn?start=1&Z=7446167;;;;
Gasverket,59.35552631775632,18.087553780922793,http://reseplanerare.resrobot.se/bin/query.exe/sn?start=1&Z=7446166;;;;
Bohusgatan,59.30642041516225,18.077993765201025,http://reseplanerare.resrobot.se/bin/query.exe/sn?start=1&Z=7446161;;;;
Wollmar Yxkullsgatan (Rosenlun,59.315582135297255,18.056138005305474,http://reseplanerare.resrobot.se/bin/query.exe/sn?start=1&Z=7446160;;;;
Nimrodsgatan,59.356247977022676,18.09862949031992,http://reseplanerare.resrobot.se/bin/query.exe/sn?start=1&Z=7446163;;;;
Ryttarstadion,59.35039124909615,18.08284826007283,http://reseplanerare.resrobot.se/bin/query.exe/sn?start=1&Z=7446173;;;;
Östermalms idrottsplats,59.3468600543504,18.08245355935181,http://reseplanerare.resrobot.se/bin/query.exe/sn?start=1&Z=7446172;;;;
Storängsvägen,59.351832091966315,18.08415812516709,http://reseplanerare.resrobot.se/bin/query.exe/sn?start=1&Z=7446175;;;;
Tennisstadion,59.34850774475013,18.08117479958989,http://reseplanerare.resrobot.se/bin/query.exe/sn?start=1&Z=7446174;;;;
Wollmar Yxkullsgatan (Timmerma,59.316279222481356,18.061524291179808,http://reseplanerare.resrobot.se/bin/query.exe/sn?start=1&Z=7446169;;;;
Krukmakargatan (på Timmermansg,59.3181064097034,18.06023995978938,http://reseplanerare.resrobot.se/bin/query.exe/sn?start=1&Z=7446168;;;;
Storängskroken,59.35335831478753,18.085720029952952,http://reseplanerare.resrobot.se/bin/query.exe/sn?start=1&Z=7446171;;;;
Fatbursgatan,59.31441461521872,18.061857467627686,http://reseplanerare.resrobot.se/bin/query.exe/sn?start=1&Z=7446170;;;;
Danvikshem,59.31422043931606,18.115981783528355,http://reseplanerare.resrobot.se/bin/query.exe/sn?start=1&Z=7446148;;;;
Henriksdalsberget,59.31112649904522,18.11726483985994,http://reseplanerare.resrobot.se/bin/query.exe/sn?start=1&Z=7446149;;;;
Garnisonen,59.336680496004945,18.095060641122387,http://reseplanerare.resrobot.se/bin/query.exe/sn?start=1&Z=7446150;;;;
Lindvallsplan,59.316658084129784,18.029033604958528,http://reseplanerare.resrobot.se/bin/query.exe/sn?start=1&Z=7446151;;;;
Danviksklippan,59.31252773953964,18.10608331738812,http://reseplanerare.resrobot.se/bin/query.exe/sn?start=1&Z=7446144;;;;
Saltsjöqvarn,59.314324153919586,18.111140659912646,http://reseplanerare.resrobot.se/bin/query.exe/sn?start=1&Z=7446145;;;;
Körsbärsvägen,59.3484070176307,18.064762958536004,http://reseplanerare.resrobot.se/bin/query.exe/sn?start=1&Z=7446146;;;;
Danviken,59.31304941551499,18.108577673528195,http://reseplanerare.resrobot.se/bin/query.exe/sn?start=1&Z=7446147;;;;
Varvsgatan (på Hornsgatan),59.31633227594238,18.040729104382752,http://reseplanerare.resrobot.se/bin/query.exe/sn?start=1&Z=7446156;;;;
Ansgariegatan,59.31752492369808,18.04553292881238,http://reseplanerare.resrobot.se/bin/query.exe/sn?start=1&Z=7446157;;;;
Stockholm Rosenlundsg/Hornsg,59.317444728715195,18.055400330442115,http://reseplanerare.resrobot.se/bin/query.exe/sn?start=1&Z=7446158;;;;
Hornsgatan/Rosenlundsgatan,59.318618775318974,18.054494120021012,http://reseplanerare.resrobot.se/bin/query.exe/sn?start=1&Z=7446159;;;;
Engelbrektskyrkan,59.3432144914924,18.06747706216202,http://reseplanerare.resrobot.se/bin/query.exe/sn?start=1&Z=7446152;;;;
Västerbroplan,59.32818814102573,18.021123584189972,http://reseplanerare.resrobot.se/bin/query.exe/sn?start=1&Z=7446154;;;;
Högalidsgatan,59.31849707611702,18.032298273288074,http://reseplanerare.resrobot.se/bin/query.exe/sn?start=1&Z=7446155;;;;
Grundläggarvägen,59.32909337608748,17.951454065481467,http://reseplanerare.resrobot.se/bin/query.exe/sn?start=1&Z=7446259;;;;
Abrahamsbergsvägen,59.32966782479984,17.94600757658521,http://reseplanerare.resrobot.se/bin/query.exe/sn?start=1&Z=7446258;;;;
Rörläggarvägen,59.33115516149425,17.94620656068022,http://reseplanerare.resrobot.se/bin/query.exe/sn?start=1&Z=7446257;;;;
Gustav III:s väg,59.333280507090635,17.945830588748436,http://reseplanerare.resrobot.se/bin/query.exe/sn?start=1&Z=7446256;;;;
Alviksplan,59.333608269410036,17.973812834590913,http://reseplanerare.resrobot.se/bin/query.exe/sn?start=1&Z=7446263;;;;
Västerledstorget,59.32880063224454,17.968621411293253,http://reseplanerare.resrobot.se/bin/query.exe/sn?start=1&Z=7446262;;;;
Mossens idrottsplats,59.32839107238274,17.96353458446647,http://reseplanerare.resrobot.se/bin/query.exe/sn?start=1&Z=7446261;;;;
Nyängsvägen,59.32867005469341,17.955890738470295,http://reseplanerare.resrobot.se/bin/query.exe/sn?start=1&Z=7446260;;;;
Ulvsundaplan,59.3352298295123,17.96971555032173,http://reseplanerare.resrobot.se/bin/query.exe/sn?start=1&Z=7446266;;;;
Gamla Bromstensvägen,59.37288440834672,17.919134636750762,http://reseplanerare.resrobot.se/bin/query.exe/sn?start=1&Z=7446265;;;;
Alviksvägen,59.331920550732946,17.974865193091983,http://reseplanerare.resrobot.se/bin/query.exe/sn?start=1&Z=7446264;;;;
Kyrkogården Avesta,60.152736402673746,16.15296771501549,http://reseplanerare.resrobot.se/bin/query.exe/sn?start=1&Z=7446271;;;;
Skillinggränd,60.14779812997334,16.153635799161517,http://reseplanerare.resrobot.se/bin/query.exe/sn?start=1&Z=7446270;;;;
Eriksgatan,60.143577870966105,16.15431127079697,http://reseplanerare.resrobot.se/bin/query.exe/sn?start=1&Z=7446269;;;;
Vindarnas gränd,60.14203922269606,16.15915459039195,http://reseplanerare.resrobot.se/bin/query.exe/sn?start=1&Z=7446268;;;;
Museiparken,59.33323935932348,18.119065756908558,http://reseplanerare.resrobot.se/bin/query.exe/sn?start=1&Z=7446242;;;;
Kaknäs,59.33284381788795,18.128178084560723,http://reseplanerare.resrobot.se/bin/query.exe/sn?start=1&Z=7446243;;;;
Källhagen,59.3335534751951,18.110967122366862,http://reseplanerare.resrobot.se/bin/query.exe/sn?start=1&Z=7446240;;;;
Sjöhistoriska museet,59.333496204817,18.11521656122197,http://reseplanerare.resrobot.se/bin/query.exe/sn?start=1&Z=7446241;;;;
Manilla,59.32418365816143,18.134404680618864,http://reseplanerare.resrobot.se/bin/query.exe/sn?start=1&Z=7446246;;;;
Manillavägen,59.323255552091666,18.136590212928446,http://reseplanerare.resrobot.se/bin/query.exe/sn?start=1&Z=7446247;;;;
Djurgårdsbrunn,59.33035961852213,18.132525096475643,http://reseplanerare.resrobot.se/bin/query.exe/sn?start=1&Z=7446244;;;;
Edelstams väg,59.325777905196595,18.13363516975306,http://reseplanerare.resrobot.se/bin/query.exe/sn?start=1&Z=7446245;;;;
Sjöstugan,59.321334089349904,18.149091177719164,http://reseplanerare.resrobot.se/bin/query.exe/sn?start=1&Z=7446250;;;;
Säby kulle,59.42034707677931,17.860212433287643,http://reseplanerare.resrobot.se/bin/query.exe/sn?start=1&Z=7446251;;;;
Isbladskärret,59.32320390765698,18.1439838750401,http://reseplanerare.resrobot.se/bin/query.exe/sn?start=1&Z=7446248;;;;
Thielska galleriet,59.32287734308163,18.146667283631597,http://reseplanerare.resrobot.se/bin/query.exe/sn?start=1&Z=7446249;;;;
Slakthuset (Globen),59.29343364520875,18.075003663002107,http://reseplanerare.resrobot.se/bin/query.exe/sn?start=1&Z=7446254;;;;
Abrahamsbergsskolan,59.334431482972384,17.949558629808067,http://reseplanerare.resrobot.se/bin/query.exe/sn?start=1&Z=7446255;;;;
Humlegården,59.33741356708581,18.071608791007435,http://reseplanerare.resrobot.se/bin/query.exe/sn?start=1&Z=7446252;;;;
Bolidenvägen,59.29591354518904,18.069761543352882,http://reseplanerare.resrobot.se/bin/query.exe/sn?start=1&Z=7446253;;;;
Anders Reimers väg,59.31850380836704,18.02506091866135,http://reseplanerare.resrobot.se/bin/query.exe/sn?start=1&Z=7446225;;;;
Pokalvägen,59.317945544843184,18.022512426133677,http://reseplanerare.resrobot.se/bin/query.exe/sn?start=1&Z=7446224;;;;
Verkstadsgatan,59.317473069152214,18.031265124227282,http://reseplanerare.resrobot.se/bin/query.exe/sn?start=1&Z=7446227;;;;
Bergsunds strand,59.318408128472655,18.026987095524802,http://reseplanerare.resrobot.se/bin/query.exe/sn?start=1&Z=7446226;;;;
Högalidskyrkan,59.31810719588044,18.03986184972679,http://reseplanerare.resrobot.se/bin/query.exe/sn?start=1&Z=7446229;;;;
Långholmsgatan,59.3179920126457,18.033477381502507,http://reseplanerare.resrobot.se/bin/query.exe/sn?start=1&Z=7446228;;;;
Spårvägsmuseet,59.311532448255385,18.09886741749999,http://reseplanerare.resrobot.se/bin/query.exe/sn?start=1&Z=7446231;;;;
Ringvägen,59.318189692819196,18.05021445882743,http://reseplanerare.resrobot.se/bin/query.exe/sn?start=1&Z=7446230;;;;
Stockholm Tengdahlsgatan,59.31015751418982,18.095349943588115,http://reseplanerare.resrobot.se/bin/query.exe/sn?start=1&Z=7446233;;;;
Nackagatan,59.31107678714427,18.096693922864844,http://reseplanerare.resrobot.se/bin/query.exe/sn?start=1&Z=7446232;;;;
Finnboda hamn,59.31322086809184,18.120691716221838,http://reseplanerare.resrobot.se/bin/query.exe/sn?start=1&Z=7446235;;;;
Danvikshemsvägen,59.31296411939412,18.11593167759472,http://reseplanerare.resrobot.se/bin/query.exe/sn?start=1&Z=7446234;;;;
Mjölnarvägen,59.31535594625155,18.133414430682336,http://reseplanerare.resrobot.se/bin/query.exe/sn?start=1&Z=7446237;;;;
Finnbergsvägen,59.312923463543825,18.131842933853008,http://reseplanerare.resrobot.se/bin/query.exe/sn?start=1&Z=7446236;;;;
Ambassaderna,59.33323365358583,18.104161298820593,http://reseplanerare.resrobot.se/bin/query.exe/sn?start=1&Z=7446239;;;;
Tre kronor,59.316851409853776,18.135659874670893,http://reseplanerare.resrobot.se/bin/query.exe/sn?start=1&Z=7446238;;;;
Andra tvärvägen,59.35610719975204,18.1061121977153,http://reseplanerare.resrobot.se/bin/query.exe/sn?start=1&Z=7446208;;;;
Mjärdgränd,59.30641621130345,18.089531418683656,http://reseplanerare.resrobot.se/bin/query.exe/sn?start=1&Z=7446210;;;;
Nätgränd,59.306056103736935,18.085994997555044,http://reseplanerare.resrobot.se/bin/query.exe/sn?start=1&Z=7446211;;;;
Barnängen,59.30976758630042,18.09709762647612,http://reseplanerare.resrobot.se/bin/query.exe/sn?start=1&Z=7446212;;;;
Färjeläget,59.30839991859604,18.09725148902472,http://reseplanerare.resrobot.se/bin/query.exe/sn?start=1&Z=7446213;;;;
Frödingsvägen,59.33044800190477,18.00220341644254,http://reseplanerare.resrobot.se/bin/query.exe/sn?start=1&Z=7446214;;;;
Starrbäcksängen,59.3471696623791,18.087344668877193,http://reseplanerare.resrobot.se/bin/query.exe/sn?start=1&Z=7446215;;;;
Erik Dahlbergsgatan/Valhallavä,59.341725016578415,18.091093106009925,http://reseplanerare.resrobot.se/bin/query.exe/sn?start=1&Z=7446216;;;;
Kallskärsgatan,59.34308162856324,18.092080868816126,http://reseplanerare.resrobot.se/bin/query.exe/sn?start=1&Z=7446217;;;;
Tessinparken,59.345196314725015,18.093365841342916,http://reseplanerare.resrobot.se/bin/query.exe/sn?start=1&Z=7446218;;;;
Rindögatan,59.347496170397434,18.093309563829017,http://reseplanerare.resrobot.se/bin/query.exe/sn?start=1&Z=7446219;;;;
Gäddviken,59.31267214251907,18.12831275691894,http://reseplanerare.resrobot.se/bin/query.exe/sn?start=1&Z=7446220;;;;
Skinnarviken,59.31971089125895,18.043217200769885,http://reseplanerare.resrobot.se/bin/query.exe/sn?start=1&Z=7446221;;;;
Reimersholme,59.317907824594556,18.021034332398234,http://reseplanerare.resrobot.se/bin/query.exe/sn?start=1&Z=7446222;;;;
Varvsgatan (på Heleneborgsgata,59.319269212733715,18.038602943231886,http://reseplanerare.resrobot.se/bin/query.exe/sn?start=1&Z=7446223;;;;
Polhemsgatan,59.33016567028893,18.03575044724728,http://reseplanerare.resrobot.se/bin/query.exe/sn?start=1&Z=7446078;;;;
Landstingshuset,59.32942223397838,18.04035861650855,http://reseplanerare.resrobot.se/bin/query.exe/sn?start=1&Z=7446079;;;;
Rödabergsgatan,59.34379975046393,18.03558949300495,http://reseplanerare.resrobot.se/bin/query.exe/sn?start=1&Z=7446076;;;;
Kronobergsgatan (på Hantverkar,59.330880812786596,18.031737745125042,http://reseplanerare.resrobot.se/bin/query.exe/sn?start=1&Z=7446077;;;;
Torsplan,59.345425554897304,18.03293580925722,http://reseplanerare.resrobot.se/bin/query.exe/sn?start=1&Z=7446074;;;;
Fleminggatan/St Eriksgatan,59.335099245031095,18.032910113287326,http://reseplanerare.resrobot.se/bin/query.exe/sn?start=1&Z=7446075;;;;
Prostvägen,59.35094010043136,18.026034727818068,http://reseplanerare.resrobot.se/bin/query.exe/sn?start=1&Z=7446072;;;;
Karolinska institutet,59.34800241956325,18.029799026616068,http://reseplanerare.resrobot.se/bin/query.exe/sn?start=1&Z=7446073;;;;
Tomteboda-Karolinska inst.,59.34613198276592,18.023101136944955,http://reseplanerare.resrobot.se/bin/query.exe/sn?start=1&Z=7446068;;;;
Stockholm Djurgårdsskolan,59.32325200936238,18.10494558688253,http://reseplanerare.resrobot.se/bin/query.exe/sn?start=1&Z=7446066;;;;
Stockholm Bellmansro,59.3240064345963,18.110531339309176,http://reseplanerare.resrobot.se/bin/query.exe/sn?start=1&Z=7446067;;;;
Kungsgatan,59.33334805511365,18.05696141923213,http://reseplanerare.resrobot.se/bin/query.exe/sn?start=1&Z=7446064;;;;
Stockholm Styrmansgatan,59.33158307830066,18.084629872420628,http://reseplanerare.resrobot.se/bin/query.exe/sn?start=1&Z=7446065;;;;
Norra Bantorget,59.33496610754798,18.05478358552179,http://reseplanerare.resrobot.se/bin/query.exe/sn?start=1&Z=7446063;;;;
Tegnérgatan (Dalagatan),59.33747193635423,18.05059004956341,http://reseplanerare.resrobot.se/bin/query.exe/sn?start=1&Z=7446062;;;;
Sabbatsbergs sjukhus,59.339025284635994,18.04851286099139,http://reseplanerare.resrobot.se/bin/query.exe/sn?start=1&Z=7446061;;;;
Vasaparken,59.34165029956091,18.04573258317518,http://reseplanerare.resrobot.se/bin/query.exe/sn?start=1&Z=7446060;;;;
Wallingatan,59.335977105838765,18.052916988995644,http://reseplanerare.resrobot.se/bin/query.exe/sn?start=1&Z=7446059;;;;
Norra Stationsgatan (på Karlbe,59.34304874580415,18.028560931209373,http://reseplanerare.resrobot.se/bin/query.exe/sn?start=1&Z=7446058;;;;
Kulturskolans hus,59.334774747088716,18.02508518540823,http://reseplanerare.resrobot.se/bin/query.exe/sn?start=1&Z=7446056;;;;
Grindsgatan,59.308445686441594,18.067398179038737,http://reseplanerare.resrobot.se/bin/query.exe/sn?start=1&Z=7446055;;;;
Klippgatan,59.31388877253409,18.087924733249242,http://reseplanerare.resrobot.se/bin/query.exe/sn?start=1&Z=7446054;;;;
Sofiaskolan,59.31318353439432,18.094341416051087,http://reseplanerare.resrobot.se/bin/query.exe/sn?start=1&Z=7446053;;;;
Erstagatan,59.313970372183,18.090442064941367,http://reseplanerare.resrobot.se/bin/query.exe/sn?start=1&Z=7446052;;;;
Ersta sjukhus,59.31549728071071,18.089912135929872,http://reseplanerare.resrobot.se/bin/query.exe/sn?start=1&Z=7446051;;;;
Bondegatan,59.31357133541262,18.082458232425648,http://reseplanerare.resrobot.se/bin/query.exe/sn?start=1&Z=7446050;;;;
Åsögatan (på Renstiernas gata),59.31383266770622,18.084460592232702,http://reseplanerare.resrobot.se/bin/query.exe/sn?start=1&Z=7446048;;;;
Inedalsgatan,59.334478655137026,18.035593730799746,http://reseplanerare.resrobot.se/bin/query.exe/sn?start=1&Z=7446044;;;;
Johannes skola,59.35082818298154,18.05352916151653,http://reseplanerare.resrobot.se/bin/query.exe/sn?start=1&Z=7446045;;;;
Glasbruksgatan,59.318751768013996,18.07788565597379,http://reseplanerare.resrobot.se/bin/query.exe/sn?start=1&Z=7446046;;;;
Tjärhovsplan,59.31644785339195,18.08331811450793,http://reseplanerare.resrobot.se/bin/query.exe/sn?start=1&Z=7446047;;;;
Frejgatan (på Upplandsgatan),59.344397563084286,18.046810149914517,http://reseplanerare.resrobot.se/bin/query.exe/sn?start=1&Z=7446040;;;;
Vanadisvägen,59.3456752062866,18.044573571220084,http://reseplanerare.resrobot.se/bin/query.exe/sn?start=1&Z=7446041;;;;
Tredje tvärvägen,59.35404356059465,18.10804774023184,http://reseplanerare.resrobot.se/bin/query.exe/sn?start=1&Z=7446042;;;;
Universitetsvägen,59.362113478619186,18.057828725258123,http://reseplanerare.resrobot.se/bin/query.exe/sn?start=1&Z=7446043;;;;
Stockholm Djurgårdsbron,59.33182304054256,18.0934860139013,http://reseplanerare.resrobot.se/bin/query.exe/sn?start=1&Z=7446036;;;;
Sveaplan,59.34959858337314,18.049843226081585,http://reseplanerare.resrobot.se/bin/query.exe/sn?start=1&Z=7446037;;;;
Norrtullsgatan,59.346692975962014,18.046486698352176,http://reseplanerare.resrobot.se/bin/query.exe/sn?start=1&Z=7446038;;;;
Ynglingagatan,59.34898010513168,18.045599994973085,http://reseplanerare.resrobot.se/bin/query.exe/sn?start=1&Z=7446039;;;;
Banérgatan,59.337825491193655,18.095313473651093,http://reseplanerare.resrobot.se/bin/query.exe/sn?start=1&Z=7446032;;;;
Karlavägen,59.33786019791762,18.088214366726366,http://reseplanerare.resrobot.se/bin/query.exe/sn?start=1&Z=7446033;;;;
Stockholm Strandvägen,59.332539940961134,18.093059688168154,http://reseplanerare.resrobot.se/bin/query.exe/sn?start=1&Z=7446034;;;;
Valhallavägen/Odengatan,59.34669578320063,18.066091026483036,http://reseplanerare.resrobot.se/bin/query.exe/sn?start=1&Z=7446029;;;;
Odengatan,59.346550303764744,18.065676966892337,http://reseplanerare.resrobot.se/bin/query.exe/sn?start=1&Z=7446028;;;;
Stockholm Nordiska museet/Vasa,59.32929101921714,18.09551246659085,http://reseplanerare.resrobot.se/bin/query.exe/sn?start=1&Z=7446031;;;;
Dalagatan,59.341459080898254,18.04484101957678,http://reseplanerare.resrobot.se/bin/query.exe/sn?start=1&Z=7446025;;;;
Hälsingegatan,59.34279699580708,18.043276566596155,http://reseplanerare.resrobot.se/bin/query.exe/sn?start=1&Z=7446024;;;;
Roslagsgatan,59.345485222058116,18.060806411110033,http://reseplanerare.resrobot.se/bin/query.exe/sn?start=1&Z=7446027;;;;
Stadsbiblioteket,59.34418717255872,18.05537574791289,http://reseplanerare.resrobot.se/bin/query.exe/sn?start=1&Z=7446026;;;;
Vikingagatan,59.34223442618493,18.032603792650356,http://reseplanerare.resrobot.se/bin/query.exe/sn?start=1&Z=7446021;;;;
Norrbackagatan,59.340820579847914,18.030735752375126,http://reseplanerare.resrobot.se/bin/query.exe/sn?start=1&Z=7446020;;;;
S:t Eriksgatan (på Karlbergsvä,59.34234978030872,18.03741063599648,http://reseplanerare.resrobot.se/bin/query.exe/sn?start=1&Z=7446023;;;;
Karlbergsvägen,59.3422200440888,18.037120847522253,http://reseplanerare.resrobot.se/bin/query.exe/sn?start=1&Z=7446022;;;;
Oxtorgsgatan,59.334748769507414,18.06682638196817,http://reseplanerare.resrobot.se/bin/query.exe/sn?start=1&Z=7446017;;;;
David Bagares gata,59.337044858473185,18.06543218830987,http://reseplanerare.resrobot.se/bin/query.exe/sn?start=1&Z=7446016;;;;
Jakobsgatan,59.330679571251096,18.06845397973139,http://reseplanerare.resrobot.se/bin/query.exe/sn?start=1&Z=7446019;;;;
Hamngatan,59.33255755779968,18.06838553982641,http://reseplanerare.resrobot.se/bin/query.exe/sn?start=1&Z=7446018;;;;
Observatoriegatan,59.34054348461956,18.0505642269722,http://reseplanerare.resrobot.se/bin/query.exe/sn?start=1&Z=7446138;;;;
Fleminggatan/Scheelegatan,59.332938935160044,18.045264518688157,http://reseplanerare.resrobot.se/bin/query.exe/sn?start=1&Z=7446139;;;;
Roslagstull (på Ingemarsgatan),59.349397562328114,18.058375577430226,http://reseplanerare.resrobot.se/bin/query.exe/sn?start=1&Z=7446136;;;;
Värmdövägen,59.31161901628791,18.107198744395774,http://reseplanerare.resrobot.se/bin/query.exe/sn?start=1&Z=7446137;;;;
Folkungagatan,59.315652136171,18.09234668120072,http://reseplanerare.resrobot.se/bin/query.exe/sn?start=1&Z=7446142;;;;
Danvikstull,59.313951739226276,18.100699067185733,http://reseplanerare.resrobot.se/bin/query.exe/sn?start=1&Z=7446143;;;;
Tegnérgatan (Västmannag),59.338065433109875,18.05210574025849,http://reseplanerare.resrobot.se/bin/query.exe/sn?start=1&Z=7446140;;;;
Londonviadukten,59.31472887188629,18.096851811892712,http://reseplanerare.resrobot.se/bin/query.exe/sn?start=1&Z=7446141;;;;
Handelshögskolan,59.341940934032664,18.05753012549807,http://reseplanerare.resrobot.se/bin/query.exe/sn?start=1&Z=7446130;;;;
Frejgatan (på Sveavägen),59.34632301618819,18.053372032669166,http://reseplanerare.resrobot.se/bin/query.exe/sn?start=1&Z=7446131;;;;
Adolf Fredriks kyrka,59.33772351783392,18.061504731802412,http://reseplanerare.resrobot.se/bin/query.exe/sn?start=1&Z=7446128;;;;
Tegnérgatan (Sveavägen),59.33889410265583,18.060281569691707,http://reseplanerare.resrobot.se/bin/query.exe/sn?start=1&Z=7446129;;;;
Wenner-Gren center,59.35037862755228,18.04834731122865,http://reseplanerare.resrobot.se/bin/query.exe/sn?start=1&Z=7446134;;;;
Renstiernas gata (på Bondegata,59.313404351295446,18.08481836273907,http://reseplanerare.resrobot.se/bin/query.exe/sn?start=1&Z=7446135;;;;
Norrtull,59.350086993814344,18.045461902429434,http://reseplanerare.resrobot.se/bin/query.exe/sn?start=1&Z=7446132;;;;
Haga södra,59.35216975298,18.04130837462256,http://reseplanerare.resrobot.se/bin/query.exe/sn?start=1&Z=7446133;;;;
Fridhemsgatan/Pontonjärgatan,59.33016365837781,18.02745562239391,http://reseplanerare.resrobot.se/bin/query.exe/sn?start=1&Z=7446123;;;;
Tullgårdsparken,59.305406485138676,18.08103442383379,http://reseplanerare.resrobot.se/bin/query.exe/sn?start=1&Z=7446122;;;;
Pontonjärparken,59.32896086866539,18.033738479581864,http://reseplanerare.resrobot.se/bin/query.exe/sn?start=1&Z=7446121;;;;
Pontonjärgatan,59.32942927125266,18.02997335104213,http://reseplanerare.resrobot.se/bin/query.exe/sn?start=1&Z=7446120;;;;
Bolinders plan,59.33000132724455,18.050554125104462,http://reseplanerare.resrobot.se/bin/query.exe/sn?start=1&Z=7446127;;;;
Pipersgatan,59.33110788073685,18.047305620270343,http://reseplanerare.resrobot.se/bin/query.exe/sn?start=1&Z=7446126;;;;
John Ericssonsgatan,59.32868939147991,18.03753399611177,http://reseplanerare.resrobot.se/bin/query.exe/sn?start=1&Z=7446125;;;;
Pilgatan,59.328466799466874,18.0389955024113,http://reseplanerare.resrobot.se/bin/query.exe/sn?start=1&Z=7446124;;;;
Lindhagensgatan,59.333918958286006,18.01573198913015,http://reseplanerare.resrobot.se/bin/query.exe/sn?start=1&Z=7446115;;;;
Wennerbergsgatan,59.328513810882605,18.013043830732755,http://reseplanerare.resrobot.se/bin/query.exe/sn?start=1&Z=7446113;;;;
Marieberg,59.32840878231691,18.015532313275767,http://reseplanerare.resrobot.se/bin/query.exe/sn?start=1&Z=7446112;;;;
Naturhistoriska riksmuseet,59.36805741857911,18.052663217882603,http://reseplanerare.resrobot.se/bin/query.exe/sn?start=1&Z=7446119;;;;
Blekholmsterrassen,59.3310761620932,18.052276994937905,http://reseplanerare.resrobot.se/bin/query.exe/sn?start=1&Z=7446118;;;;
Runebergsplan,59.34172052456529,18.070770600058726,http://reseplanerare.resrobot.se/bin/query.exe/sn?start=1&Z=7446117;;;;
Fredhäll,59.33004601967458,18.003144001123278,http://reseplanerare.resrobot.se/bin/query.exe/sn?start=1&Z=7446104;;;;
Vitalisvägen,59.32955999769659,18.005871585133228,http://reseplanerare.resrobot.se/bin/query.exe/sn?start=1&Z=7446105;;;;
Viktor Rydbergs gata,59.32882972209413,18.009233472755344,http://reseplanerare.resrobot.se/bin/query.exe/sn?start=1&Z=7446106;;;;
Wivalliusgatan,59.326535679321275,18.013196684503274,http://reseplanerare.resrobot.se/bin/query.exe/sn?start=1&Z=7446107;;;;
Lilla Essingen,59.325506336419316,18.008754751830207,http://reseplanerare.resrobot.se/bin/query.exe/sn?start=1&Z=7446108;;;;
Primusgatan,59.32572368951048,18.002794659122372,http://reseplanerare.resrobot.se/bin/query.exe/sn?start=1&Z=7446109;;;;
Broparken,59.324146453467804,17.994065883030625,http://reseplanerare.resrobot.se/bin/query.exe/sn?start=1&Z=7446110;;;;
Fyrverkarbacken,59.3271256438874,18.017592765773006,http://reseplanerare.resrobot.se/bin/query.exe/sn?start=1&Z=7446111;;;;
Mariedalsvägen,59.33870002005111,18.013915663780903,http://reseplanerare.resrobot.se/bin/query.exe/sn?start=1&Z=7446097;;;;
Kellgrensgatan,59.33649973359758,18.01816702400222,http://reseplanerare.resrobot.se/bin/query.exe/sn?start=1&Z=7446098;;;;
S:t Görans sjukhus,59.335293721036756,18.020971077750435,http://reseplanerare.resrobot.se/bin/query.exe/sn?start=1&Z=7446099;;;;
Strandbergsgatan,59.33760775193043,18.01054024547136,http://reseplanerare.resrobot.se/bin/query.exe/sn?start=1&Z=7446100;;;;
Nordenflychtsvägen,59.33760883404756,18.007288529751825,http://reseplanerare.resrobot.se/bin/query.exe/sn?start=1&Z=7446102;;;;
Södermannagatan,59.309058844220246,18.08271858132061,http://reseplanerare.resrobot.se/bin/query.exe/sn?start=1&Z=7446089;;;;
Gotlandsgatan,59.31060485026086,18.086229307574435,http://reseplanerare.resrobot.se/bin/query.exe/sn?start=1&Z=7446088;;;;
Stickelbärsvägen,59.34996544283159,18.064479648824626,http://reseplanerare.resrobot.se/bin/query.exe/sn?start=1&Z=7446091;;;;
Eriksdal,59.307717117060015,18.069018201446823,http://reseplanerare.resrobot.se/bin/query.exe/sn?start=1&Z=7446090;;;;
Karolinska vägen,59.35016659818921,18.023469735741852,http://reseplanerare.resrobot.se/bin/query.exe/sn?start=1&Z=7446093;;;;
Södersjukhuset,59.310003859465134,18.057279831783504,http://reseplanerare.resrobot.se/bin/query.exe/sn?start=1&Z=7446092;;;;
Mariebergsgatan,59.33156055888583,18.023996839979898,http://reseplanerare.resrobot.se/bin/query.exe/sn?start=1&Z=7446095;;;;
Krukmakargatan (på Krukmakarga,59.317391756308524,18.05690759628665,http://reseplanerare.resrobot.se/bin/query.exe/sn?start=1&Z=7446094;;;;
Kungsholms kyrka,59.328491365332326,18.047502303648603,http://reseplanerare.resrobot.se/bin/query.exe/sn?start=1&Z=7446081;;;;
Kungsholmstorg,59.32928254272142,18.0432665792351,http://reseplanerare.resrobot.se/bin/query.exe/sn?start=1&Z=7446080;;;;
Tegelbacken,59.328540658106576,18.062336991893698,http://reseplanerare.resrobot.se/bin/query.exe/sn?start=1&Z=7446083;;;;
Stadshuset,59.327991068693045,18.054129322039735,http://reseplanerare.resrobot.se/bin/query.exe/sn?start=1&Z=7446082;;;;
Mälartorget,59.323015615018925,18.068172911670203,http://reseplanerare.resrobot.se/bin/query.exe/sn?start=1&Z=7446085;;;;
Riddarhustorget,59.32540872214976,18.066364005562193,http://reseplanerare.resrobot.se/bin/query.exe/sn?start=1&Z=7446084;;;;
Skånegatan,59.31345939571108,18.0847517861489,http://reseplanerare.resrobot.se/bin/query.exe/sn?start=1&Z=7446087;;;;