18.1051868,59.3588263,"Brokaféet i Ropsten","Nedladdat från Koordinater.se"
13.615745,55.408604,"Mossby kaffestuga","Nedladdat från Koordinater.se"
15.4776603,56.7232811,"Björkhagas Café, Eriksmåla, Huvudhultaö 125, 0471-41328","Nedladdat från Koordinater.se"
16.775114,60.622407,"Konditori Marangoni, 026-256555","Nedladdat från Koordinater.se"
16.774352,60.620134,"Hansens Konditori","Nedladdat från Koordinater.se"
16.776734,60.620518,"SAIK Fiket","Nedladdat från Koordinater.se"
12.8595781,57.6353215,"Zebeda Chocolate AB","Nedladdat från Koordinater.se"
17.582588,60.400967,"Cafe Strömsberg","Nedladdat från Koordinater.se"
18.7035,59.7558,"Bergsstugan, Norrtälje","Nedladdat från Koordinater.se"
12.4337,57.979,"Brobacka Kaffestuga, Alingsås, Anten 8700","Nedladdat från Koordinater.se"
12.6651,59.2753,"Esters café, Långserud, Ed Hagalund, +46 533 50245","Nedladdat från Koordinater.se"
19.0666,64.9442,"Handlarn i Kvarnåsens cafe, Norsjö, Kvarnåsen 107, 0918-50035","Nedladdat från Koordinater.se"
20.2332,63.8367,"Ullas kondis, Umeå, Umeå, Timotejvägen 4","Nedladdat från Koordinater.se"
18.125,59.3224,"Café Ekorren, Stockholm","Nedladdat från Koordinater.se"
18.777,60.0419,"Tusen Grisar, Norrtälje","Nedladdat från Koordinater.se"
13.2247,55.6482,"Lundabagaren","Nedladdat från Koordinater.se"
12.857,56.4267,"Knut Jöns","Nedladdat från Koordinater.se"
13.216,55.6419,"Tårtesset","Nedladdat från Koordinater.se"
13.2076,55.6432,"Bengts Konditori","Nedladdat från Koordinater.se"
13.3462,55.7175,"Evas Hembageri","Nedladdat från Koordinater.se"
12.9529,55.4156,"Höllvikens Kakbod","Nedladdat från Koordinater.se"
13.021,55.4697,"Mimmas Bagericafé","Nedladdat från Koordinater.se"
13.0209,55.4708,"Björns Konditori","Nedladdat från Koordinater.se"
13.0011,55.6058,"Café Mäster Hans","Nedladdat från Koordinater.se"
13.0273,55.5851,"Bagarboden","Nedladdat från Koordinater.se"
13.0409,55.6003,"Konditori Katarina","Nedladdat från Koordinater.se"
12.8387,55.8755,"Wienerkonditoriet","Nedladdat från Koordinater.se"
13.0193,55.5738,"Lennarts Konditori","Nedladdat från Koordinater.se"
13.8253,55.431,"Café Diana","Nedladdat från Koordinater.se"
18.0328,59.3395,"Stockholms glasshus, Stockholm, Birkagatan 8","Nedladdat från Koordinater.se"
18.0876,59.3172,"Fjällgatans kaffestuga, Stockholm, Fjällgatan 37","Nedladdat från Koordinater.se"
18.0715,59.3234,"Royal Ice Cream, Stockholm, Västerlånggatan 67","Nedladdat från Koordinater.se"
18.0294,59.3321,"Gelateria Italiana, Stockholm, Drottningholmsvägen 22","Nedladdat från Koordinater.se"
18.0064,59.3229,"Lux Dessert och choklad, Stockholm, Patentgatan 7","Nedladdat från Koordinater.se"
18.069,59.3148,"Söderhallarnas glassbar och café, Stockholm, Medborgarplatsen","Nedladdat från Koordinater.se"
18.0919,59.3409,"Stockholms glass- och pastahus, Stockholm, Valhallavägen 155","Nedladdat från Koordinater.se"
18.0454,59.3304,"Kungsholmens glassfabrik, Stockholm, Pipersgatan 14","Nedladdat från Koordinater.se"
18.0736,59.3132,"Stockholms glasshus, Stockholm, Götgatan 58","Nedladdat från Koordinater.se"
18.0919,59.303,"Spesso, Stockholm, Hammarby allé 125","Nedladdat från Koordinater.se"
18.0967,59.3254,"Blå porten, Stockholm, Djurgårdsvägen 64, 08-6638759","Nedladdat från Koordinater.se"
15.1437,59.1269,"Sveas Café, Kumla, Torget","Nedladdat från Koordinater.se"
18.0711,59.3328,"Coppola café, Stockholm, Hamngatan 37  ","Nedladdat från Koordinater.se"
18.7023,59.7595,"Café Kanelbullen, Norrtälje, Billborgsgatan 5","Nedladdat från Koordinater.se"
18.7034,59.7583,"Café Hörnan, Norrtälje, Hantverkaregatan 5","Nedladdat från Koordinater.se"
18.073,59.334,"Wienerkonditoriet, Stockholm, Biblioteksg. 6-8,111 46 Stockholm, 08-611 51 89","Nedladdat från Koordinater.se"
18.0641,59.3325,"Café Panorama, Stockholm, Kulturhuset, Sergels torg , 08-508 315 08","Nedladdat från Koordinater.se"
18.0733,59.314,"Cozy, Stockholm, Götgatan 53, stockholm, 08 - 644 77 77","Nedladdat från Koordinater.se"
18.0625,59.3322,"Café Bueno, Stockholm, Klarabergsgatan 25 , 08-204818","Nedladdat från Koordinater.se"
18.0686,59.3326,"Coffeehouse by George, Stockholm, Hamngatan 31, 08-244090","Nedladdat från Koordinater.se"
18.0581,59.337,"Muffin bakery, Stockholm, Drottninggatan 73 A,  08-411 68 88","Nedladdat från Koordinater.se"
18.0581,59.337,"STHLM- kaffe med mjölk, Stockholm, Drottninggatan 73 C, 08-225666","Nedladdat från Koordinater.se"
18.084,59.339,"Tössebageriet, Stockholm,  Karlavägen 77, 08-66 22 430","Nedladdat från Koordinater.se"
18.0639,59.3337,"Café Bellman, Stockholm, Sergelgatan 25, 08-4113131","Nedladdat från Koordinater.se"
18.4968,59.4123,"Café Sjöstugan","Nedladdat från Koordinater.se"
14.7209,56.8692,"G Svenska Tanters Trädgårdscafé, På Bergkvara Gård, 0707-357508","Nedladdat från Koordinater.se"
12.8266,56.3741,"N Cafe Killeröd","Nedladdat från Koordinater.se"
18.0849,59.339,"Café Foam, Stockholm","Nedladdat från Koordinater.se"
14.5422,61.0081,"Café ett i Mora, Mora, Badstugatan 3, 0250-43810","Nedladdat från Koordinater.se"
14.2509,59.2416,"Café Björneborg, Björneborg, Jernfeltsgatan 3C","Nedladdat från Koordinater.se"
16.5711,56.7743,"Edith & Julia Bed and Breakfast, Borgholm, Högsrumsvägen 1, 0485-487 30","Nedladdat från Koordinater.se"
18.061,59.3318,"Kafferepet, Stockholm, Klarabergsgatan 35 ","Nedladdat från Koordinater.se"
14.1233,55.8535,"Widtsköfle cafè Vittskövle 044-353035","Nedladdat från Koordinater.se"
12.9131,56.672,"cafe, halmstad, litorinavägen 17, 035-127497","Nedladdat från Koordinater.se"
12.8653,56.6674,"arbetar  fik, halmstad, kaptensgatan","Nedladdat från Koordinater.se"
18.0536,59.344,"Hard Rock cafe, Stockholm, Sveavägen 75 ","Nedladdat från Koordinater.se"
14.9306,58.8531,"Stjernsunds slottscafé","Nedladdat från Koordinater.se"
14.2915,57.3155,"Cafe Timjan & Örtagård, 070-6346275","Nedladdat från Koordinater.se"
14.5309,59.3222,"Strandcafet Karlskoga, Karlskoga, Grönfältsudden, 0586 31829","Nedladdat från Koordinater.se"
14.523,59.3264,"Cafe Paris Karlskoga, Karlskoga, Torget","Nedladdat från Koordinater.se"
14.5164,59.3253,"Cafe Ekeliden, Karlskoga, Centralplan 2, 0586 37105","Nedladdat från Koordinater.se"
18.0308,59.3764,"Kafé Sjöstugan, Solna, Pipers väg 22, 08-6551199","Nedladdat från Koordinater.se"
16.5753,56.4815,"Galleri Blå porten, Alby, 0485-45154","Nedladdat från Koordinater.se"
17.0056,57.2459,"Café & Restaurang Svea, Skäftekärr, 0485-22206","Nedladdat från Koordinater.se"
18.0559,59.297,"JAVASAVI, Stockholm, Årsta torg 5","Nedladdat från Koordinater.se"
15.2146,59.2709,"Java, Örebro, Kungsgatan 9, 019-678 32 32","Nedladdat från Koordinater.se"
18.0463,59.3474,"Cocovaja, Stockholm, Norrtullsgatan 51","Nedladdat från Koordinater.se"
18.0907,59.3136,"Bakverket, Stockholm, Bondegatan 59, 08-640 91 07","Nedladdat från Koordinater.se"
18.0367,59.3282,"Petite France, Stockholm, John Ericssonsgatan 6, 08-618 28 00","Nedladdat från Koordinater.se"
12.5799,55.679,"Cafe Norden, København, Østergade 61 København","Nedladdat från Koordinater.se"
14.5054,58.5423,"Café Tant Lotta, Karlsborg, Norra Kanalgatan 3, 0505-123 40","Nedladdat från Koordinater.se"
13.3624,55.3385,"Café Köpmansmagasinet","Nedladdat från Koordinater.se"
14.9234,58.3133,"Centralkonditoriet, Väderstad, +46 142 70025","Nedladdat från Koordinater.se"
13.9966,56.3804,"Börjes Konditori, Osby, Postgatan","Nedladdat från Koordinater.se"
18.4491,62.8802,"Hilmas cafe","Nedladdat från Koordinater.se"
17.9615,59.3702,"Gröna Stugan, Sundbyberg, ursviksvägen 28, 08 - 281493","Nedladdat från Koordinater.se"
17.9698,59.3758,"Hallonbergens Café, Sundbyberg, hallonbergsplan 5, 08 - 6286100","Nedladdat från Koordinater.se"
17.9706,59.3606,"Javastop, Sundbyberg, landsvägen 51, 08 - 290088","Nedladdat från Koordinater.se"
17.9576,59.3654,"Lilla Gusto, Sundbyberg, järnvägsgatan 74, 08 - 989884","Nedladdat från Koordinater.se"
17.9725,59.3654,"Sweet Treat Café, Sundbyberg, tulegatan 31, 08 - 281696","Nedladdat från Koordinater.se"
17.9636,59.3655,"Tre med Café, Sundbyberg, fredsgatan 6, 08 - 290133","Nedladdat från Koordinater.se"
17.9723,59.3618,"Åhlens Café, Sundbyberg, sturegatan 13, 08 - 986055","Nedladdat från Koordinater.se"
17.9729,59.3616,"Café Food Wise, Sundbyberg, sturegatan 9, 08 - 299617","Nedladdat från Koordinater.se"
17.9693,59.3782,"Café Freden, Sundbyberg, gesällvägen 11, 08 - 6289110","Nedladdat från Koordinater.se"
17.9641,59.3616,"Café Press Shop, Sundbyberg, esplanaden 3 c, 08 - 286040","Nedladdat från Koordinater.se"
17.9408,59.3756,"Café Rissne, Sundbyberg, kavallerivägen 18, 08 - 7333333","Nedladdat från Koordinater.se"
17.9623,59.3666,"Cafepinglan, Sundbyberg, starrbäcksgatan 11, 08 - 285100","Nedladdat från Koordinater.se"
17.9776,59.364,"Droppens Konditori, Sundbyberg, tulegatan 2, 08 - 281042","Nedladdat från Koordinater.se"
17.9668,59.3637,"Boulevard, Café & Restaurant, Sundbyberg, esplanaden 18, 08 - 285680","Nedladdat från Koordinater.se"
17.9928,59.3154,"Classic Kaffe, Solna, ekensbergsvägen 117, 08 - 7991800","Nedladdat från Koordinater.se"
17.9916,59.3554,"Efvas Fik, Solna, ankdammsgatan 32, 08 - 7355400","Nedladdat från Koordinater.se"
18.0013,59.3593,"Espresso House, Solna, solna torg 13, 08 - 273052","Nedladdat från Koordinater.se"
17.9798,59.3593,"Espresso House, Solna, svetsarvägen 12, 08 - 296540","Nedladdat från Koordinater.se"
17.984,59.3667,"Filmstadens Pizzeria och Cafe, Solna, greta garbos väg 10, 08 - 7304300","Nedladdat från Koordinater.se"
18.0094,59.3595,"Hagalundsparken, Solna, blomgatan 5, 08 - 825501","Nedladdat från Koordinater.se"
17.9971,59.3536,"Café 3, Solna, huvudstagatan 6, 08 - 827156","Nedladdat från Koordinater.se"
18.0008,59.36,"Café Expresso, Solna, solna centrum, 08 - 834702","Nedladdat från Koordinater.se"
17.9816,59.3653,"Café Il Capo, Solna, råsundavägen 156, 08 - 270068","Nedladdat från Koordinater.se"
18.0007,59.3663,"Café Lyktan, Solna, råsundavägen 76, 08 - 51491471","Nedladdat från Koordinater.se"
17.9964,59.3652,"Cafe Mezzo, Solna, råsundavägen 110, 08 - 7301000","Nedladdat från Koordinater.se"
17.9983,59.3574,"Café Solo, Solna, huvudstagatan 1 b, 08 - 274810","Nedladdat från Koordinater.se"
18.0076,59.3667,"Café Torino, Solna, pyramidvägen 2 d, 08 - 279602","Nedladdat från Koordinater.se"
17.9961,59.3651,"Bistro Stråket, Solna, råsundavägen 112, 08 - 274858","Nedladdat från Koordinater.se"
18.0163,59.3729,"Bredbar i Solna, Solna, gustav iii:s boulevard 42, 08 - 7354100","Nedladdat från Koordinater.se"
17.9892,59.3561,"Bullens Bageri och Konditori, Solna, ankdammsgatan 36, 08 - 821981","Nedladdat från Koordinater.se"
18.0217,59.3628,"Café Qorint, Solna, andersvägen 4, 08 - 7302445","Nedladdat från Koordinater.se"
18.0473,59.3387,"Sabbatsberg mat och café, Stockholm, Olivecronas väg 5","Nedladdat från Koordinater.se"
16.8847,57.0577,"Södviks bageri, , 0485-26002","Nedladdat från Koordinater.se"
16.8559,57.0713,"Sandviks hamncafé, , 0485-26270","Nedladdat från Koordinater.se"
17.8427,59.5754,"Rosersbergs slottscafé, ","Nedladdat från Koordinater.se"
17.7208,59.6146,"Kafe sjösidan, Sigtuna, ","Nedladdat från Koordinater.se"
17.7227,59.6161,"Cafe Gula rummet, Sigtuna, , 08-59251429","Nedladdat från Koordinater.se"
16.4634,56.6494,"Påkaj 4, Färjestaden, , 0485-310 37","Nedladdat från Koordinater.se"
16.6366,56.8665,"Solliden kaffetorpet, Borgholm, , 0485-153 56","Nedladdat från Koordinater.se"
16.6405,56.7488,"Kaffestugan, , 070-835 45 72","Nedladdat från Koordinater.se"
16.7027,56.7043,"Smultronstället B&B, Runsten, , 0485-56 21 00","Nedladdat från Koordinater.se"
14.5917,57.3169,"Stockaryds stations cafe, Stockaryd, , 0722 845851","Nedladdat från Koordinater.se"
17.0137,57.321,"Kvarngården, Byxelkrok, ","Nedladdat från Koordinater.se"
14.89,58.4481,"Gamla konditoriet vadstena, Vadstena, Storg. 18, 0143-100 35","Nedladdat från Koordinater.se"
12.7746,56.3295,"Lillaro café & musik, Förslöv, Lillahultsvägen 118, callto:+4643110782","Nedladdat från Koordinater.se"
17.0315,59.3776,"Grassagården, Strängnäs, ","Nedladdat från Koordinater.se"
17.0298,59.3762,"Schelins konditori, Strängnäs, ","Nedladdat från Koordinater.se"
14.0628,55.3855,"Cafe solståndet Kåseberga, 0411-527280","Nedladdat från Koordinater.se"
15.0374,57.1766,"Engdahls kulle Hörjesås, 0474-63012","Nedladdat från Koordinater.se"
16.4892,59.3398,"Cafe Skjulstastugan Skjulsta, 016-511490","Nedladdat från Koordinater.se"
12.434,57.9792,"Brobacka kaffestuga Anten, 0322-72074","Nedladdat från Koordinater.se"
11.9825,58.182,"Cafe Gläntebo & Stall26 Backamo, 0522-23009","Nedladdat från Koordinater.se"
12.6143,56.2599,"Flickorna Lundgren på Skäret","Nedladdat från Koordinater.se"
12.2679,58.2636,"Slusscafeet Trollhättan, 0520-411345","Nedladdat från Koordinater.se"
20.0098,64.9468,"Café Ångloket Kusfors, 0915-20002","Nedladdat från Koordinater.se"
12.9848,55.931,"Flinckmans Café i Sireköpinge, 0418-50567","Nedladdat från Koordinater.se"
12.1634,58.5162,"Björnerud Gård Frändefors, 0521-42013","Nedladdat från Koordinater.se"
13.4065,58.6221,"Café Utsikten Hällekis, 0510-540630","Nedladdat från Koordinater.se"
17.8318,59.1397,"Cafe Rosenhill, 08-53029688","Nedladdat från Koordinater.se"
16.1007,59.239,"Hjälmaresunds Camping & Kaffestuga, 016-65015","Nedladdat från Koordinater.se"
17.8736,59.2508,"Röda Caféet i Fittja, 08-7402466","Nedladdat från Koordinater.se"
17.7579,59.2607,"Sturehof slott, 08-53028240","Nedladdat från Koordinater.se"
13.1872,57.9445,"Crea Diem bokcafe Od, 033-267004","Nedladdat från Koordinater.se"
12.5654,57.1249,"Åkulla friluftsgård, 0340-36057","Nedladdat från Koordinater.se"
17.7194,59.6486,"Cafe Dammstugan vid Wenngarns Slott, 08-59254466","Nedladdat från Koordinater.se"
16.4261,56.9154,"Café förlig wind Pataholm, ","Nedladdat från Koordinater.se"
18.601,60.0511,"Blixtens cafe Hallstavik, 0175-21100","Nedladdat från Koordinater.se"
14.1331,58.6297,"Wassbacken Café camping vandrarhem, 0506-52056","Nedladdat från Koordinater.se"
12.8907,56.4212,"Cafe utsikten Båstad, 0431-70800","Nedladdat från Koordinater.se"
18.5467,59.5711,"Wira Bruk Kaffestuga, 08-54353030","Nedladdat från Koordinater.se"
13.5593,57.9985,"Kronogården Ryninga Trädet, 0515-51118","Nedladdat från Koordinater.se"
12.2713,57.402,"Skårs Gård Gällinge, 0300-542007","Nedladdat från Koordinater.se"
14.1548,57.7858,"Kafe Nyfiket Jönköping, 036-190585","Nedladdat från Koordinater.se"
17.5732,59.9149,"Cafe Ulva kvarn, 018-322060","Nedladdat från Koordinater.se"
16.8248,59.2047,"Cafe björndammen, 016-72144","Nedladdat från Koordinater.se"
21.8206,65.701,"Evas Konst-iga kafe, 0920-265790","Nedladdat från Koordinater.se"
11.6549,57.6676,"Cafe boa Fotö, 031-969131","Nedladdat från Koordinater.se"
12.7851,57.6852,"Boråstorpet, 0702-410508","Nedladdat från Koordinater.se"
13.1252,57.2124,"Backa loge Kalv, 0346-61342","Nedladdat från Koordinater.se"
17.9365,59.3006,"Konditori Lyran, 08-6468050","Nedladdat från Koordinater.se"
15.5021,58.511,"Cafe Cecilia Ljungsbro, 013-219041","Nedladdat från Koordinater.se"
14.3284,56.9701,"Sjöholmen Rydaholm, 0472-20161","Nedladdat från Koordinater.se"
17.7173,59.6133,"Cafe våfflan Sigtuna, 08-59250800","Nedladdat från Koordinater.se"
12.633,56.7647,"Göstas strandcafe Steninge, 035-52212","Nedladdat från Koordinater.se"
12.4369,57.6194,"Tio tusen sköna ting Hällingsjö, 0301-41055","Nedladdat från Koordinater.se"
13.6492,57.8853,"Årås kvarn cafe, 0515-91051","Nedladdat från Koordinater.se"
15.5402,57.7949,"Ydrefors kaffestuga, 0492-80011","Nedladdat från Koordinater.se"
14.1551,55.5014,"Valnöt och Kaprifol, Hammenhög, Skolg. 20, 0414-4409 50","Nedladdat från Koordinater.se"
14.2657,55.6571,"Kaffestugan Annorlunda Stenshuvud, 0414-70475","Nedladdat från Koordinater.se"
14.2401,58.6564,"Halna MC-cafe, 070-5827322","Nedladdat från Koordinater.se"
12.8336,55.9545,"Tomatens hus cafe & tomatbutik Kvistofta, Vallåkra, Aspavägen 418, 042-398108","Nedladdat från Koordinater.se"
12.4587,58.6567,"Hamrane bak & kaffestuga, 0530-51173","Nedladdat från Koordinater.se"
13.0341,57.1022,"ArtCafé Fegen, 0346-61066","Nedladdat från Koordinater.se"
12.9392,57.7615,"Almenäs Cafe Borås, 033-246024","Nedladdat från Koordinater.se"
13.666,56.3435,"Café Sjöstugan Vittsjö, 0451-23035","Nedladdat från Koordinater.se"
11.9469,57.5616,"Nordgården Billdal, 031-933203","Nedladdat från Koordinater.se"
16.8556,57.0701,"Sandviks kvarn Öland, 0485-26172","Nedladdat från Koordinater.se"
12.8079,58.0301,"Mikaelsgården cafe & restaurang Vårgårda, 0322-623700","Nedladdat från Koordinater.se"
14.081,57.6793,"Toppstugan Taberg, 036-64111","Nedladdat från Koordinater.se"
16.4914,57.9762,"Tindered restaurang, 0493-70040","Nedladdat från Koordinater.se"
14.1533,55.7598,"Blåherremölla cafe & kvarn Maglehem, 044-351505","Nedladdat från Koordinater.se"
11.4336,58.2745,"Cafe kungsgatan Lysekil, 0523-16001","Nedladdat från Koordinater.se"
18.0637,59.1728,"Vassruggen Lissma, 08-7079955","Nedladdat från Koordinater.se"
21.0432,64.7344,"Café Tuvagården, 0910-787838","Nedladdat från Koordinater.se"
12.9702,57.7703,"Sommargården Ekhagen cafe, 033-247173","Nedladdat från Koordinater.se"
15.7873,59.4093,"Jäders Bruks herrgårdscafe, 0589-10417","Nedladdat från Koordinater.se"
11.8024,58.739,"Galleri Håfors med cafe, 0524-60155","Nedladdat från Koordinater.se"
14.7925,57.0917,"Pannkakshuset Tolg, 0470-940 40","Nedladdat från Koordinater.se"
12.7105,56.222,"Restaurang & cafe Solvik Farhult, 042-68134","Nedladdat från Koordinater.se"
13.211,59.4385,"Brums MC-café Edsvalla","Nedladdat från Koordinater.se"
12.8546,56.7432,"Lizzies cafe Holm, 035-38118","Nedladdat från Koordinater.se"
12.05949,57.65815,"Gunnebo slott cafe Mölndal, 031-3341600","Nedladdat från Koordinater.se"
21.5104,65.756,"Cafe Rävasten, 0921-481012","Nedladdat från Koordinater.se"
12.9627,58.0842,"Fölene kvarn Fölene Herrljunga, 0513-21350","Nedladdat från Koordinater.se"
16.251,59.5026,"Borgåsunds Hamncafé & Gästhamn, 0220-43087","Nedladdat från Koordinater.se"
14.2809,57.7845,"Våffelkafe Smedsbyn Huskvarna, 036-143570","Nedladdat från Koordinater.se"
13.0954,58.052,"Trollabo kvarn Hudene, 0513-23324","Nedladdat från Koordinater.se"
12.0212,57.3889,"Jönssons Konditori Gottskär, 0300-60029","Nedladdat från Koordinater.se"
11.9971,57.8636,"Cafe Mors Mössa Kungälv, 070-5380908","Nedladdat från Koordinater.se"
17.9062,59.3252,"Brostugan Konditori & Restaurang, 08-7590301","Nedladdat från Koordinater.se"
13.114,57.6156,"Johans wärdshus Lockryd, 033-282070","Nedladdat från Koordinater.se"
18.4487,62.8793,"Arnes Sjöbod Bönhamn, 0613-23144","Nedladdat från Koordinater.se"
13.1696,56.9729,"Glassbo Våffelstuga Lintalund, 0345-20825","Nedladdat från Koordinater.se"
14.5258,59.1233,"Jurkkas Motor Cafe, 0585-50595","Nedladdat från Koordinater.se"
13.3756,57.4716,"Kroksjöns fiskecamp cafe, 0325-76944","Nedladdat från Koordinater.se"
12.308828,58.383408,"Skogshyddan cafe Vänersborg, 0521-12774","Nedladdat från Koordinater.se"
12.5068,57.0686,"Öströö fårfarm, 0340-45036","Nedladdat från Koordinater.se"
17.2292,62.6624,"Tomatodlingen i Ås, 060-81050","Nedladdat från Koordinater.se"
12.9436,57.6897,"Tavernan Borås, 033-250209","Nedladdat från Koordinater.se"
14.8009,57.975,"Linderås cafe & konditori, 0140-50088","Nedladdat från Koordinater.se"
13.4938,57.9297,"Basta kvarncafe Blidsberg, 0321-29883","Nedladdat från Koordinater.se"
13.4343,55.7921,"Lisas cafe i Hurva","Nedladdat från Koordinater.se"
13.4581,57.446,"Mossebo Stom trädgårdscafe, 0325-74334","Nedladdat från Koordinater.se"
12.4758,56.2914,"Ellens cafe Ransvik, 042-347666","Nedladdat från Koordinater.se"
13.59,58.3238,"Cafe Fågeludden Hornborga Naturum, 0500-491431","Nedladdat från Koordinater.se"
13.6312,58.0859,"Cafe Ålleberg, 0515-37157","Nedladdat från Koordinater.se"
16.5655,57.6431,"Tofvehults kafe, 0490-26351","Nedladdat från Koordinater.se"
16.8501,59.0187,"Johannisdal Café Sparreholm, 0157-32030","Nedladdat från Koordinater.se"
12.6995,57.1383,"Ullaredsgården Ullared, 0346-36200","Nedladdat från Koordinater.se"
16.3065,60.0932,"Erik Larsgården i Brovallen, 0226-66116","Nedladdat från Koordinater.se"
15.0332,59.6166,"Kaffestugan Siggebohyttans Bergsmansgård, 0587-330033","Nedladdat från Koordinater.se"
15.9625,57.0639,"Aboda cafe, 0491-29250","Nedladdat från Koordinater.se"
13.9748,55.7168,"Kaffestugan Alunbruket Brösarp, 0417-26115","Nedladdat från Koordinater.se"
12.6797,57.5043,"Gästhuset Cafe Kinna, 0320-15600","Nedladdat från Koordinater.se"
13.6387,57.4086,"Café Stinsen, Nissafors, Järnvägsgatan, +46 70 581 68 98","Nedladdat från Koordinater.se"
13.2938,57.421,"Ambjörnarps cafe & byakrog, 0325-60204","Nedladdat från Koordinater.se"
13.514,55.7749,"Henrikssons conditori Löberöd, 0413-30087","Nedladdat från Koordinater.se"
13.0783,56.9583,"Brännöbagarn Torup, 0345-20160","Nedladdat från Koordinater.se"
14.6168,60.9146,"Sollerö vikingamuseum, 0250-22500","Nedladdat från Koordinater.se"
13.4368,57.8529,"Gästgivaregården Timmele, 0321-30629","Nedladdat från Koordinater.se"
17.2997,58.7605,"Hälgö kaffestuga, 0155-220605","Nedladdat från Koordinater.se"
18.3126,59.2327,"Cafe Notholmen, 08-7703550","Nedladdat från Koordinater.se"
17.5513,60.0326,"Ateljé hemtrevnad, 018-371140","Nedladdat från Koordinater.se"
15.7262,57.7703,"Låxbo Lantkök, 0492-24041","Nedladdat från Koordinater.se"
14.9431,57.1572,"Café Ladan Ramkvilla, 0474-61001","Nedladdat från Koordinater.se"
20.2272,67.8539,"Café Safari Kiruna, 0980-17460","Nedladdat från Koordinater.se"
16.091,56.3844,"Strandbygget Bergkvara, 0486-20075","Nedladdat från Koordinater.se"
12.7183,58.2357,"Cafe Magnolia Bredöl Nossebro, 0512-32535","Nedladdat från Koordinater.se"
12.5335,58.1188,"Kaffekoppen Sollebrun, 0322-83385","Nedladdat från Koordinater.se"
11.4737,58.0727,"Cafe Emma Mollösund, 0304-21175","Nedladdat från Koordinater.se"
12.5005,57.6278,"Storåns cafe Stockabäck, 0702-409294","Nedladdat från Koordinater.se"
13.4684,57.9001,"Fornstugan Dalum, 0321-32221","Nedladdat från Koordinater.se"
11.1906,58.923,"Hällekind Bed & Breakfast, 0526-10035","Nedladdat från Koordinater.se"
14.3676,59.1167,"Café Kaffebönan Åtorp, 0703-272798","Nedladdat från Koordinater.se"
13.2801,57.6519,"Torpa cafe, 033-281042","Nedladdat från Koordinater.se"
14.7689,57.473,"Sandsjöbadens Restaurang, 0380-372000","Nedladdat från Koordinater.se"
16.4051,56.5726,"Strandnära Vandrarhem, Mörbylånga, Dansbanevägen 3, 0485-366 00","Nedladdat från Koordinater.se"
16.0435,56.2569,"Café Sött & Salt  Kristianopel Hamn Fågelmara, 0455-366014","Nedladdat från Koordinater.se"
13.0871,57.9913,"Shell Annelund, 0513-50102","Nedladdat från Koordinater.se"
15.2065,57.9027,"Asby lanthandel, 0140-80022","Nedladdat från Koordinater.se"
12.9535,58.2609,"Conditori Nordpolen Vara, 0512-10056","Nedladdat från Koordinater.se"
15.6482,58.4001,"Cafe Tannefors slussar Linköping, 013-121506","Nedladdat från Koordinater.se"
14.3163,56.9748,"Matrasten Rydaholm, 0472-20580","Nedladdat från Koordinater.se"
17.7222,59.6159,"Tant bruns kaffestuga Sigtuna, 08-59250934","Nedladdat från Koordinater.se"
14.8685,59.432,"Dalkarlsbergs Herrgård, Gyttorp, Dalkarlsberg 518, 0587-71170","Nedladdat från Koordinater.se"
13.1361,55.9097,"Hanksville Farms, 0768-728699","Nedladdat från Koordinater.se"
15.3288,60.43,"Nize bikers cafe, 0247-40222","Nedladdat från Koordinater.se"
13.0082,57.8245,"Ekelunds hemslöjd cafe Fristad, 033-269045","Nedladdat från Koordinater.se"
13.2088,58.6749,"Läcköstugan Café Nordström, 0510-17777","Nedladdat från Koordinater.se"
12.4185,57.8197,"Nääs fabriker cafe, 0302-672627","Nedladdat från Koordinater.se"
11.9024,58.3295,"Café Konditori Snäckan, 0522-10038","Nedladdat från Koordinater.se"
23.6734,66.2339,"Sten cafe Hedenäset, 0927-12285","Nedladdat från Koordinater.se"
16.3206,58.4837,"Cafe lilla kanalmagasinet Söderköping, 0121-13570","Nedladdat från Koordinater.se"
13.5236,57.5744,"Tunnbrödstugan i Gölingstorp, 0321-64046","Nedladdat från Koordinater.se"
14.4344,58.5754,"Forsviks cafe, 0505-41444","Nedladdat från Koordinater.se"
15.2512,57.4192,"Levanders café & lanthandelsmuséum Alseda, 0383-52061","Nedladdat från Koordinater.se"
12.4226,57.4767,"Grindsmossen cafe Tostared, 0320-62323","Nedladdat från Koordinater.se"
12.6743,56.2246,"Tunneberga Gästgifvaregård, 042-367481","Nedladdat från Koordinater.se"
16.5965,58.6379,"Cafe Säterdalen Bråvikens norra strand, 011-396241","Nedladdat från Koordinater.se"
12.663,58.2321,"Cafe tornet Nossebro, 0512-53110","Nedladdat från Koordinater.se"
18.688495,59.291931,"Stavsnäs hembageri, Allevägen 36, 08-57150460","Nedladdat från Koordinater.se"
12.5087,57.9344,"Tallhyddans cafe Alingsås, 0322-10052","Nedladdat från Koordinater.se"
13.9641,58.1812,"Kaffestugan turbinhusön Tidaholm, 0502-606215","Nedladdat från Koordinater.se"
17.3091,59.2466,"Taxinge slott, 0159-70114","Nedladdat från Koordinater.se"
13.9408,55.5611,"Nostalgicafé the 50´s Tryde, 0708-666752","Nedladdat från Koordinater.se"
14.6165,63.1844,"Svenssons Kafé Frösön, 063-103011","Nedladdat från Koordinater.se"
17.0589,57.2466,"Kaffestugan I Böda, 0485-22127","Nedladdat från Koordinater.se"
12.6946,57.5081,"Cafe Skräddertiet Kinna, 0320-10301","Nedladdat från Koordinater.se"
13.9977,55.4347,"Olof Viktors Glemmingebro, 0411-522020","Nedladdat från Koordinater.se"
14.5906,56.7784,"Huseby Bruk Stallets Café, 0470-752004","Nedladdat från Koordinater.se"
13.3775,57.6796,"Cafe nyfiket Vegby, 0708-268415","Nedladdat från Koordinater.se"
16.0112,59.9575,"Englaro cafe & butik, 0223-30085","Nedladdat från Koordinater.se"
13.9394,55.742,"Illstorps lustgård Brösarp, 0417-26363","Nedladdat från Koordinater.se"
13.1204,57.4424,"Ninas cafe & vandrarhem Örsås, 0325-628088","Nedladdat från Koordinater.se"
12.1039,57.3993,"Tjolöholms slott, 0300-544200","Nedladdat från Koordinater.se"
12.8576,58.3676,"Sparlösa trädgårdar & cafe, 0512-61002","Nedladdat från Koordinater.se"
12.2552,57.1259,"Getteröns Naturcentrum, 0340-87510","Nedladdat från Koordinater.se"
15.5391,56.4241,"Hembygdsöns Kaffestuga Holmsjö, 0455-91292","Nedladdat från Koordinater.se"
13.2917,57.6293,"Hofsnäs Herrgårdscafe, 0325-40321","Nedladdat från Koordinater.se"
12.401,57.8162,"Nääs slott cafe, 0302-31839","Nedladdat från Koordinater.se"
15.9759,58.5079,"Kapten Bille´s café vandrarhem Norsholm, 011-54550","Nedladdat från Koordinater.se"
15.0706,60.5884,"Flottbrocaféet vid Flottbron i Gagnef, 070-6701622","Nedladdat från Koordinater.se"
13.592,58.2936,"Löfwings konstcafe Hornborga, 0500-491403","Nedladdat från Koordinater.se"
12.5403,57.5622,"Kvarnen Hyssna, 0320-39565","Nedladdat från Koordinater.se"
13.3922,58.6201,"Hellekis Trädgårdscafé, 0510-544100","Nedladdat från Koordinater.se"
12.2831,57.4267,"Äskhults by cafe, 0300-542159","Nedladdat från Koordinater.se"
12.1847,57.4458,"Naturum Fjärås Bräcka cafe, 0300-543070","Nedladdat från Koordinater.se"
15.5336,57.6997,"Stenfors kvarn Nedrakulla, 0496-40104","Nedladdat från Koordinater.se"
18.2142,57.5997,"Fridhems kaffestuga, 0498-264220","Nedladdat från Koordinater.se"
13.6138,57.4188,"Hestravikens Värdshus Hestra, 0370-336800","Nedladdat från Koordinater.se"
14.4921,56.2873,"Fritzatorpet Olofström, 0454-309300","Nedladdat från Koordinater.se"
12.430043,58.346893,"Spiskupan i Vargön, 0521-221245","Nedladdat från Koordinater.se"
11.6451,57.6826,"Cafe Längtan Hönö, 031-965281","Nedladdat från Koordinater.se"
13.8137,58.1235,"Valstad cafe & vandrarhem Folkabo, 0502-41355","Nedladdat från Koordinater.se"
13.0202,57.3145,"Ulvshed cafe, 0325-35023","Nedladdat från Koordinater.se"
14.9007,58.8794,"Askersund cafe Garvaregården, 0583-10445","Nedladdat från Koordinater.se"
17.2577,59.5157,"Nibble Gårdsbutik & cafe Kungs-Husby, 0171-87058","Nedladdat från Koordinater.se"
15.1569,61.7444,"Wilmars bagarbod Loos, 0657-10490","Nedladdat från Koordinater.se"
15.3344,57.6342,"Cafe Sjövik Hjältevad, 0381-23420","Nedladdat från Koordinater.se"
15.3035,58.5591,"STF vandrarhem glasbruket Borensberg, 0141-40820","Nedladdat från Koordinater.se"
12.7369,56.9858,"Sjönevads Gästgivaregård, 0346-774001","Nedladdat från Koordinater.se"
17.0924,58.8197,"Åstugan Cafe och Butik, 0155-226005","Nedladdat från Koordinater.se"
12.9236,57.8611,"Vänga kvarncafe, 033-268143","Nedladdat från Koordinater.se"
13.1056,56.2033,"Skvattemölla Gästeri ÖstraLjungby, 0435-21705","Nedladdat från Koordinater.se"
12.815,56.4361,"Solbackens wåffelbruk Båstad, 0431-70200","Nedladdat från Koordinater.se"
15.5658,60.4668,"Torsångs café, 0243-60014","Nedladdat från Koordinater.se"
14.7966,56.5843,"Kurrebo Café Lunnabacken, 0477-21141","Nedladdat från Koordinater.se"
16.6239,59.4474,"Sundbyholms Slott Herrgår& Gästhamn, 016-96571","Nedladdat från Koordinater.se"
15.9984,56.4128,"Olssonska Gården, 0486-20222","Nedladdat från Koordinater.se"
16.1673,58.5875,"Cafe Färgargården Norrköping, 011-107641","Nedladdat från Koordinater.se"
12.1962,58.6069,"Kaffestugan Granan HB Brålanda, 0521-35360","Nedladdat från Koordinater.se"
13.0435,56.5129,"Conditori Cecilia Laholm, 0430-10575","Nedladdat från Koordinater.se"
17.9242,59.2753,"Zetas, 08-6460391","Nedladdat från Koordinater.se"
15.5849,56.1603,"Lindqvist Café & Hembageri Karlskrona, 0455-15600","Nedladdat från Koordinater.se"
16.0085,59.96,"Nya serveringen Ängelsberg, 0223-30018","Nedladdat från Koordinater.se"
12.7852,58.1825,"Madam blå Essunga Nossebro, 0512-52333","Nedladdat från Koordinater.se"
12.3101,57.6888,"Cafe Dansered Härryda, 0301-31636","Nedladdat från Koordinater.se"
12.95,58.2622,"Cafe Kaffe & Choklad Vara, 0512-10920","Nedladdat från Koordinater.se"
15.1972,56.6249,"Koorö Hantverksby, 0470-34249","Nedladdat från Koordinater.se"
14.5587,56.9251,"Hjärtenholms Gårdskaffe Alvesta, 0472-40130,","Nedladdat från Koordinater.se"
14.0343,56.9781,"Sussie`s Hemlagade Flatinge, 0372-320","Nedladdat från Koordinater.se"
18.705,57.3318,"Espegards konditori bageri och café Ljugarn, 0498-493040","Nedladdat från Koordinater.se"
16.6099,60.6257,"Snickarsgården Norrberg, 0290-37563","Nedladdat från Koordinater.se"
16.5967,60.7156,"Freddes i Järbo, 0290-71460","Nedladdat från Koordinater.se"
13.3992,57.7695,"Skotteksgården Ulricehamn, 0321-10584","Nedladdat från Koordinater.se"
17.9899,59.3455,"Café Båthuset, Solna, Huvudsta strand, 08 - 83 46 70","Nedladdat från Koordinater.se"
14.0474,56.188,"Wanås cafe Knislinge, 0733-700913","Nedladdat från Koordinater.se"
12.8329,56.7822,"Kvibille café, Kvibille, Göteborgsvägen 22, Se hemsida","Nedladdat från Koordinater.se"
14.0326,56.2549,"Tydingesjön camping, 044-40149","Nedladdat från Koordinater.se"
13.4167,58.3355,"Herrtorps Qvarn Härlunda, 0511-372173","Nedladdat från Koordinater.se"
13.3177,56.4261,"Hishults conditori cafe, 0430-40032","Nedladdat från Koordinater.se"
11.7103,57.8659,"Tofta Herrgård, 0303-225805","Nedladdat från Koordinater.se"
17.2999,58.7602,"Helgö Kajakkafé, Tystberga, Helgö Kajakkafé, 070-8745488","Nedladdat från Koordinater.se"
16.8694,59.6296,"Kaffestugan Sagån, 0171-442050","Nedladdat från Koordinater.se"
12.4767,57.2429,"Gårdakrik Grimmared, 0340-34234","Nedladdat från Koordinater.se"
12.6781,57.3888,"Cafe boa Torestorp, 0320-55760","Nedladdat från Koordinater.se"
13.3571,58.5174,"Echsets Café, 0511-343113","Nedladdat från Koordinater.se"
15.6347,57.9874,"Cafe Columbia Kisa 0, Kisa, Storgatan 10, 0494-12505","Nedladdat från Koordinater.se"
13.4285,58.5617,"Hjulets kaffestuga Kinnekulle, 0511-55121","Nedladdat från Koordinater.se"
17.9346,62.6043,"Nickebo sommargård, Härnösand, Södra Sundet, 4 km från Härnösands centrum, ","Nedladdat från Koordinater.se"
13.8208,55.4305,"Kaffestugan bäckahästen, Ystad, , ","Nedladdat från Koordinater.se"
13.82,55.4301,"Ystads Stadsmuseum, Ystad","Nedladdat från Koordinater.se"
13.8247,55.428,"Fridolfs konditori, Ystad, , ","Nedladdat från Koordinater.se"
21.1321,64.7095,"Stackgrönnans Båtmuseum Café Kajutan, 0910-86340","Nedladdat från Koordinater.se"
18.4411,57.2083,"A Guesthouse Gotland, Hemse, Rone Roes 203/205, 0734-246884","Nedladdat från Koordinater.se"
18.211,57.3841,"Café Bullboden, Klintehamn, Donnersgatan 11 A, 0498-24 18 10","Nedladdat från Koordinater.se"
18.707,57.3311,"Espegards, Ljugarn, Storvägen 58, 0498-49 30 40","Nedladdat från Koordinater.se"
19.2375,57.9574,"Ebbas Mat och Kaffe, 0498 - 22 37 22","Nedladdat från Koordinater.se"
18.275,57.0306,"Folkeryds Konditori & Rest., Burgsvik, Hamnvägen 1, Tel 0498-49 70 88","Nedladdat från Koordinater.se"
18.7681,57.6413,"Gothem Stugby & Café, Slite, Magnuse Gothem, 0498-341 37","Nedladdat från Koordinater.se"
18.4087,57.5702,"Hallfreda Café & Butik, Visby, Follingbo Hallfreda 708, 073-650 11 27","Nedladdat från Koordinater.se"
18.801,57.7043,"Humle & Dumle, Slite, Torget 1 B, 0498-22 22 88","Nedladdat från Koordinater.se"
18.6007,57.8337,"Ihre Gård, Lärbro, Ihre Gård, 0498-22 48 20","Nedladdat från Koordinater.se"
18.4207,57.3213,"Kaffestugan i Lojsta, 0498-48 80 41","Nedladdat från Koordinater.se"
18.84,57.8943,"Kalkladans Café, Lärbro, Fleringe Bläse 325, 0498-22 46 62","Nedladdat från Koordinater.se"
18.1686,56.9324,"Körsbärsgården, Sundre, Västergårda, Tel 0706-21 22 20","Nedladdat från Koordinater.se"
18.1324,56.9228,"Majstregården Café, 0498-49 74 42","Nedladdat från Koordinater.se"
18.7611,57.6199,"Vitvikens Sommarcafé, Slite, Gothem Viby 251, 0498-34 348","Nedladdat från Koordinater.se"
19.2341,57.9679,"Sylvis Döttrar","Nedladdat från Koordinater.se"
18.33,57.6631,"Snäckhagens Café, pl 4871, Lummelundsväg, 0498-21 36 39","Nedladdat från Koordinater.se"
18.1308,57.4851,"Nymans Tofta Bad, 0498-26 51 48","Nedladdat från Koordinater.se"
20.504,64.349,"Westmans café, Bygdsiljum, , 0914-20010","Nedladdat från Koordinater.se"
13.0672,55.4341,"Bodarpsgården, Trelleborg, Bodarp pl 45, 0706-423868","Nedladdat från Koordinater.se"
17.1467,60.6718,"Café mocca, Gävle, , ","Nedladdat från Koordinater.se"
17.1474,60.6718,"Söders deli, Gävle, Södra Kungsgatan 11, 026-61 10 60","Nedladdat från Koordinater.se"
13.7364,55.5865,"Sjöbo Kaffestuga, 0416-15003","Nedladdat från Koordinater.se"
17.9419,59.334,"Sockerknuten, , Fredrikslundsvägen 20, ","Nedladdat från Koordinater.se"
18.0689,59.3255,"Café Gråmunken, Stockholm, Västerlånggatan 18, ","Nedladdat från Koordinater.se"
17.9927,59.3116,"Winterviken Festvåning – Café – Konferens , , Vinterviksvägen 60, ","Nedladdat från Koordinater.se"
17.9496,59.2503,"Café Nytorp, , Gamla Stockholmsvägen 89 Huddinge, ","Nedladdat från Koordinater.se"
17.9575,59.3008,"Nästan hemma, Hägersten, Slättgårdsvägen 1, ","Nedladdat från Koordinater.se"
18.005,59.3298,"Kafé Russin, Stockholm, Rålambsvägen 42","Nedladdat från Koordinater.se"
18.0815,59.2565,"Café Amanda, Stockholm, Hökarängsplan 3, ","Nedladdat från Koordinater.se"
17.9473,59.4049,"Alis & Faysals Café, Kista, Isafjordsgatan 30, ","Nedladdat från Koordinater.se"
18.0464,59.3314,"Café Mocco, Stockholm, Kungsholmsgatan 16, ","Nedladdat från Koordinater.se"
18.0433,59.3298,"Il Café, Stockholm, Bergsgatan 17, ","Nedladdat från Koordinater.se"
18.0439,59.3317,"Kafé Koppar, Stockholm, Kungsholmsgatan 26, ","Nedladdat från Koordinater.se"
18.0351,59.3356,"Två Systrar & En Kock, Stockholm, Kronobergsgatan 41, ","Nedladdat från Koordinater.se"
18.0035,59.3232,"Pappas Deli, Stockholm, Primusgatan 79, ","Nedladdat från Koordinater.se"
17.0288,59.3755,"Café prinsen, , , ","Nedladdat från Koordinater.se"
18.0626,59.3321,"Café Bolero, Stockholm, Klarabergsgatan 25, ","Nedladdat från Koordinater.se"
18.091,59.3112,"Vita bergsparkens sommarcafé, , , ","Nedladdat från Koordinater.se"
18.0598,59.3331,"Café Klara Norra, Stockholm, Bryggargatan 8, ","Nedladdat från Koordinater.se"
18.0586,59.3342,"Vete-Katten, Stockholm, Kungsgatan 55, ","Nedladdat från Koordinater.se"
18.1035,59.3142,"Fåfängan, Stockholm, Klockstapelsbacken 2, ","Nedladdat från Koordinater.se"
18.0823,59.3102,"Café Cinema, Stockholm, Södermannagatan 39, ","Nedladdat från Koordinater.se"
18.0778,59.3149,"Lavance, Stockholm, Folkungatan 67, ","Nedladdat från Koordinater.se"
18.085,59.3099,"Ulrikas café, Stockholm, Katarina Bangata 66","Nedladdat från Koordinater.se"
18.0816,59.3109,"Pause, Stockholm, Södermannagatan 42","Nedladdat från Koordinater.se"
18.0811,59.3126,"Svart kaffe, Stockholm, Södermannagatan 23","Nedladdat från Koordinater.se"
18.0799,59.3145,"Café Hängmattan, Stockholm, Södermannagatan 10","Nedladdat från Koordinater.se"
18.0811,59.3126,"South of folkungagatan, Stockholm, Skånegatan 71","Nedladdat från Koordinater.se"
18.0822,59.3125,"Skåningen, Stockholm, Skånegatan 92","Nedladdat från Koordinater.se"
18.0762,59.3147,"Billströms, Stockholm, Folkungagatan 59, ","Nedladdat från Koordinater.se"
18.0777,59.3125,"Kafé Blå, Stockholm, Östgötagatan 55, ","Nedladdat från Koordinater.se"
18.0791,59.313,"Louie Louie, Stockholm, Bondegatan13","Nedladdat från Koordinater.se"
18.0828,59.316,"Kafé 44, Stockholm, Tjärhovsgatan 46","Nedladdat från Koordinater.se"
18.0832,59.3163,"Chokladfabriken, Stockholm, Renstiernas Gata 12","Nedladdat från Koordinater.se"
18.0834,59.3147,"Ta och dra, drick och stick, , , ","Nedladdat från Koordinater.se"
18.0834,59.3147,"Testolin café, , Kocksgatan 52, ","Nedladdat från Koordinater.se"
18.0844,59.3138,"Zouk café, , Renstiernas gata 28, ","Nedladdat från Koordinater.se"
18.0904,59.3167,"Brasco, , , ","Nedladdat från Koordinater.se"
18.0822,59.3138,"654 Espressobar, Stockholm, Nytorgsgatan 27","Nedladdat från Koordinater.se"
18.0823,59.3155,"Kafé 91, Stockholm, Folkungagatan 91","Nedladdat från Koordinater.se"
18.0908,59.3147,"Bakverket, , , ","Nedladdat från Koordinater.se"
18.0903,59.3152,"Spuntino, , , ","Nedladdat från Koordinater.se"
18.0904,59.3167,"Ersta terass, , , ","Nedladdat från Koordinater.se"
18.0832,59.3129,"Gildas rum, Stockholm, Skånegatan 79","Nedladdat från Koordinater.se"
18.0821,59.3134,"Café String, Stockholm, Nytorgsgatan 38","Nedladdat från Koordinater.se"
18.0766,59.312,"Café Oye, Stockholm, Katarina Bangata 21","Nedladdat från Koordinater.se"
18.0766,59.312,"Café Blå lotus, Stockholm, Katarina Bangata 21, ","Nedladdat från Koordinater.se"
18.0787,59.3105,"Kupan, Röda Korset, Stockholm, Östgötagatan 67, ","Nedladdat från Koordinater.se"
18.0751,59.31,"Gunnarssons konditori, Stockholm, Götgatan 92, ","Nedladdat från Koordinater.se"
18.0739,59.3131,"Coffehouse by George, Stockholm, Götgatan 72, ","Nedladdat från Koordinater.se"
18.0745,59.3112,"Coffee Da Capo, Stockholm, Götgatan 84, ","Nedladdat från Koordinater.se"
18.0737,59.3131,"Waynes Coffee, Stockholm, Götgatan 68, ","Nedladdat från Koordinater.se"
17.9767,59.3635,"Café Cozy, Stockholm, Götgatan 53, ","Nedladdat från Koordinater.se"
18.0769,59.3189,"Glasbruket Café och galleri, Stockholm, Katarinavägen 19","Nedladdat från Koordinater.se"
18.0737,59.3131,"Café Pierrot, Stockholm, Götgatan 68, Stockholm, ","Nedladdat från Koordinater.se"
18.0741,59.3119,"Götgatan Stories, Stockholm, , ","Nedladdat från Koordinater.se"
18.0739,59.312,"Brun Gelato, Stockholm, , ","Nedladdat från Koordinater.se"
18.0744,59.3127,"Barista (Victoriabiografen), Stockholm, Götgatan 67; stockholm, ","Nedladdat från Koordinater.se"
18.0748,59.318,"Mosebacke Café, Stockholm, Mosebacke Torg, ","Nedladdat från Koordinater.se"
18.076,59.3117,"Lisas Café, Stockholm, Skånegatan 68, Stockholm, ","Nedladdat från Koordinater.se"
18.0851,59.3074,"Stora Blecktornet Café och konferens, Stockholm, Södermannagatan 61, ","Nedladdat från Koordinater.se"
18.0791,59.3099,"Eurobar Café, Stockholm, Östgötagatan 73, ","Nedladdat från Koordinater.se"
18.082,59.309,"Reggev, Stockholm, Ringvägen 145, Stockholm, ","Nedladdat från Koordinater.se"
18.0753,59.315,"Babylon, Stockholm, Björns Trädgårdsgränd, ","Nedladdat från Koordinater.se"
18.0759,59.3146,"Creem, Stockholm, Folkungagatan 57, ","Nedladdat från Koordinater.se"
17.3117,62.3915,"Café Skonerten, Sundsvall, Packhusgatan 4, ","Nedladdat från Koordinater.se"
17.3394,62.4145,"Café Mick´s, Sundsvall, Norra vägen 10, ","Nedladdat från Koordinater.se"
17.3422,62.4001,"Café Vallmo, Sundsvall, Skönsbergsvägen 42, ","Nedladdat från Koordinater.se"
17.3127,62.3898,"Caffè Dolcetto, Sundsvall, Kyrkogatan 8, ","Nedladdat från Koordinater.se"
18.0493,59.3432,"Coffehouse by George, Stockholm, Odenplan, ","Nedladdat från Koordinater.se"
17.3105,62.3891,"Tant Anci, Sundsvall, Trädgårdsgatan 14, ","Nedladdat från Koordinater.se"
18.0467,59.3424,"Café Shiloh, Stockholm, Västmannagatan 48, ","Nedladdat från Koordinater.se"
18.0047,59.366,"Café Kärven, Solna, Råsundavägen 66, ","Nedladdat från Koordinater.se"
15.2255,59.2884,"Svampen Café, Örebro, Dalbygatan 4, ","Nedladdat från Koordinater.se"
11.9666,57.6992,"Talang Café, Göteborg, Karl Gustavsgatan 5, ","Nedladdat från Koordinater.se"
18.9483,57.7874,"Sjökrogen Valleviken, Lärbro, Vallevikens Hamn, ","Nedladdat från Koordinater.se"
18.2925,57.6388,"Café Amalia, Visby, Hästgatan 3, ","Nedladdat från Koordinater.se"
18.2969,57.6391,"Café Bohème, Visby, Hästgatan 19, ","Nedladdat från Koordinater.se"
18.293,57.6386,"Sankt Hans Café, Visby, Sankt Hansplan 2, ","Nedladdat från Koordinater.se"
18.7068,59.7568,"En liten smula, Norrtälje, Tillfällegatan 8, 0176-15310","Nedladdat från Koordinater.se"
16.5446,59.6094,"Café Stugan, Västerås, Stora gatan 38, ","Nedladdat från Koordinater.se"
16.5445,59.6103,"Waynes, Västerås, Smedjegatan 1, ","Nedladdat från Koordinater.se"
17.0059,59.523,"Cafe Brofästet, Enköping, Forellvägen 21, ","Nedladdat från Koordinater.se"
17.7857,62.929,"Skafferiet butik och café, Kramfors, Kungsgatan 27, 0612-13320","Nedladdat från Koordinater.se"
17.7775,62.9318,"Åsas Cafe & Konditori, Kramfors, Torggatan 1, 0612-12060","Nedladdat från Koordinater.se"
14.1064,59.3086,"Ejes Konditori, Kristinehamn, Västerlånggatan 41, ","Nedladdat från Koordinater.se"
15.8392,59.3934,"Café Stadsgården, Arboga, Kapellgatan 8, ","Nedladdat från Koordinater.se"
17.8698,62.8815,"Wästerlunds konditori, Lunde, Betaniabacken 1, 0612-32107","Nedladdat från Koordinater.se"
17.759,62.9317,"Café koppen, Kramfors, Hällgumsgatan 39, 0612-717767","Nedladdat från Koordinater.se"
16.5522,59.6043,"Aroskajens fik, Västerås, Mälargatan 4D, ","Nedladdat från Koordinater.se"
13.4993,59.3785,"Mat & muffins, Karlstad, Järnvägsgatan 1, ","Nedladdat från Koordinater.se"
17.7779,62.9322,"Café Princess, Kramfors, Biblioteksgatan 1, 0612-20034","Nedladdat från Koordinater.se"
17.7777,62.931,"Café Bakfickan, Kramfors, Limstagatan 5, 0612-10066","Nedladdat från Koordinater.se"
14.0555,59.2887,"Picassouddens Café, Kristinehamn, Vålösundsvägen 161, ","Nedladdat från Koordinater.se"
18.2965,57.6445,"Café Breda Blick, Visby, Tranhusgatan 33, 0498-202260","Nedladdat från Koordinater.se"
18.2967,57.6406,"Café Milagro","Nedladdat från Koordinater.se"
18.2955,57.6415,"Café Paradiset","Nedladdat från Koordinater.se"
18.2945,57.6385,"Café Tidsfördriv, Visby, Hästgatan 12, 070-790 44 29","Nedladdat från Koordinater.se"
18.2873,57.6373,"Glassmagasinet, Visby, Skeppsbron 12, 0498-21 97 92","Nedladdat från Koordinater.se"
18.2925,57.6398,"Fornsalens Café, Visby, Strandgatan 14, 0498-29 27 00","Nedladdat från Koordinater.se"
18.2917,57.6397,"FotoGalleriet, Visby, Tage Cervins gata 3, 0498-21 27 09","Nedladdat från Koordinater.se"
18.2959,57.6418,"Kapitelhusgården, Visby, S:t Drottensgatan 8, 0498-24 76 37","Nedladdat från Koordinater.se"
18.2909,57.6391,"Visby KontorsHotell & Konferens, Visby, Donners plats 1, 070-794 95 50","Nedladdat från Koordinater.se"
14.6455,56.8704,"Gemla stations cafe, Gemla, Svarta vägen 1, 0470-6755056","Nedladdat från Koordinater.se"
13.4999,59.5216,"Primavera café, Forshaga, Södra Lagerlöfsgatan 7, 054-18 20 7 4","Nedladdat från Koordinater.se"
20.0978,64.0351,"Maj-britts sommarcafè östibyn, Tavelsjö, Östibyn 27, 070-2514800","Nedladdat från Koordinater.se"
17.382731,62.55788,"Café Rättargården, Lögdö bruk","Nedladdat från Koordinater.se"
17.229309,62.661335,"Café Pomodoro","Nedladdat från Koordinater.se"
16.6387779,57.7589518,"Café Gården","Nedladdat från Koordinater.se"
12.231044,57.774288,"Aspenäs café","Nedladdat från Koordinater.se"
17.0030864,58.7520553,"Princess","Nedladdat från Koordinater.se"
17.6440309,59.8572843,"Ahlbergs","Nedladdat från Koordinater.se"
16.5890988,59.0587595,"Ann-Ki's Kaffetheria","Nedladdat från Koordinater.se"
18.0694829,59.3240193,"Espresso House","Nedladdat från Koordinater.se"
17.9993163,59.3584135,"Mohair & Coffee","Nedladdat från Koordinater.se"
18.0720741,59.3309026,"Café Milano","Nedladdat från Koordinater.se"
18.0762658,59.3246649,"Café Skeppet","Nedladdat från Koordinater.se"
17.8581184,59.4260619,"Säby Gård","Nedladdat från Koordinater.se"
16.43855,59.0342049,"Fridhem","Nedladdat från Koordinater.se"
18.054611,59.3306671,"Le Cafe","Nedladdat från Koordinater.se"
17.1591435,60.6667137,"Wayne's Coffee","Nedladdat från Koordinater.se"
18.0744513,59.3200874,"Café Piazza Slussen","Nedladdat från Koordinater.se"
18.0725701,59.3222559,"Mazzarini","Nedladdat från Koordinater.se"
18.0710885,59.3226242,"Café Bågspännaren","Nedladdat från Koordinater.se"
18.0125678,59.3386448,"Hava Java","Nedladdat från Koordinater.se"
18.01347,59.3350223,"Espresso House","Nedladdat från Koordinater.se"
18.028517,59.3323933,"Espresso House","Nedladdat från Koordinater.se"
18.0263738,59.3297566,"Muffin Bakery","Nedladdat från Koordinater.se"
18.0302013,59.3303922,"Hemma Hos Julia","Nedladdat från Koordinater.se"
18.7033879,59.7569595,"Café Pelikan","Nedladdat från Koordinater.se"
12.329213,58.385186,"Skräcklestugan Vänersborg","Nedladdat från Koordinater.se"
16.2057453,58.9949537,"Sultans Konditori City","Nedladdat från Koordinater.se"
18.702844,59.7585937,"Café Kulan","Nedladdat från Koordinater.se"
18.4415037,60.3395284,"Majas Café & Glassbar","Nedladdat från Koordinater.se"
17.6296802,59.8600473,"Café Tar","Nedladdat från Koordinater.se"
17.141609,60.6747862,"Java Coffee Shop","Nedladdat från Koordinater.se"
15.5828979,56.1611071,"Café 1344","Nedladdat från Koordinater.se"
17.9094184,59.2678996,"Café Italiano","Nedladdat från Koordinater.se"
21.84346,65.42241,"Långvik sommarcafé","Nedladdat från Koordinater.se"
12.5496928,55.6680911,"Bang & Jensen","Nedladdat från Koordinater.se"
18.0576941,59.3170144,"Green Bean Coffee","Nedladdat från Koordinater.se"
18.0591149,59.3311169,"Coffee House by George Centralen","Nedladdat från Koordinater.se"
18.0586864,59.3364622,"Hurtigs Konditori","Nedladdat från Koordinater.se"
18.0765447,59.3072305,"Muffinsfabriken","Nedladdat från Koordinater.se"
18.0367398,59.3983171,"Espresso House","Nedladdat från Koordinater.se"
19.0276944,59.7666947,"Café Kvarnudden","Nedladdat från Koordinater.se"
18.0638789,59.343808,"Cafe Birger No76","Nedladdat från Koordinater.se"
18.06837,59.3248024,"Muren","Nedladdat från Koordinater.se"
18.0626551,59.3333741,"Caffeteria Del Corso","Nedladdat från Koordinater.se"
20.2647141,63.8258628,"Brobergs","Nedladdat från Koordinater.se"
17.9508275,59.2510765,"Café Nytorp","Nedladdat från Koordinater.se"
17.6467359,59.8580113,"Coffeehouse By George Resecentrum","Nedladdat från Koordinater.se"
18.0715831,59.318216,"Espressino","Nedladdat från Koordinater.se"
18.0605081,59.3187176,"Café Corno","Nedladdat från Koordinater.se"
17.8326775,59.1397681,"Café Rosenhill","Nedladdat från Koordinater.se"
17.9951334,59.2402872,"Alfreds Café","Nedladdat från Koordinater.se"
18.1229494,59.332101,"Waynes Coffee","Nedladdat från Koordinater.se"
18.0667145,59.3260986,"Café Schweizerkonditoriet","Nedladdat från Koordinater.se"
18.0618528,59.3454242,"Lindquists Konditori","Nedladdat från Koordinater.se"
18.0637919,59.3177373,"Chic Hembageri & Konditori","Nedladdat från Koordinater.se"
20.252566,63.821164,"Nybro konditori","Nedladdat från Koordinater.se"
18.0397402,59.3294661,"Kafé Kram","Nedladdat från Koordinater.se"
18.0359459,59.3296104,"Vurma","Nedladdat från Koordinater.se"
17.7899637,59.7264109,"Cafe Thunman","Nedladdat från Koordinater.se"
17.638346,59.8578281,"Güntherska Hovkonditoriet","Nedladdat från Koordinater.se"
18.1146745,59.3216211,"Ektorpet Café","Nedladdat från Koordinater.se"
18.0783625,59.3080603,"Lilla Caféet På Söder","Nedladdat från Koordinater.se"
17.9311466,59.6525662,"Robert's Coffe T5","Nedladdat från Koordinater.se"
17.9301596,59.6532166,"Starbucks","Nedladdat från Koordinater.se"
17.620396,59.86378,"Kafé Kardemumma","Nedladdat från Koordinater.se"
14.797039,60.629765,"Skogsgård Skinnaråsen, Leksand, Skinnaråsen 187","Nedladdat från Koordinater.se"
14.194335,60.842234,"Cafe - Bistro ,Källarbacken Kättbo","Nedladdat från Koordinater.se"
15.99766,58.20147,"Sandelius, 0120-107 00","Nedladdat från Koordinater.se"
14.803379,58.758641,"OLSHAMMARSGÅRDEN","Nedladdat från Koordinater.se"
16.209661,58.145712,"MariNettes Mat & Café, 0120-200 60","Nedladdat från Koordinater.se"
16.394712,58.194877,"Evas Café Kvarnvik, 0706903722","Nedladdat från Koordinater.se"
15.990064,58.186225,"Adelsnäs Kaffestuga","Nedladdat från Koordinater.se"
16.022411,58.305272,"Risten - Lakviks järnvägs sommarcafé","Nedladdat från Koordinater.se"
18.0829584,59.3155079,"Esters The & Kaffehandel","Nedladdat från Koordinater.se"
13.0012209,55.5987953,"Barista","Nedladdat från Koordinater.se"
13.076992,58.252675,"Tråvadsbadet, Tråvad","Nedladdat från Koordinater.se"
18.494442,59.736735,"Finsta Livs & Servering","Nedladdat från Koordinater.se"
15.147614,60.876308,"Toppstugans glass-och våffelstuga","Nedladdat från Koordinater.se"
