17.6467,59.8699,"Mekonomen, Uppsala, Råbyvägen 97, 018-322180","Nedladdat från Koordinater.se"
11.8518,58.351,"Mekonomen, Uddevalla, Almåsvägen 4, 0522-88045/46","Nedladdat från Koordinater.se"
12.3104,58.3164,"Mekonomen, Trollhättan, Sandviksvägen 1, 0520-800 90","Nedladdat från Koordinater.se"
23.1215,65.8506,"Mekonomen, Kalix, Stabsvägen 5, 0923-79100","Nedladdat från Koordinater.se"
18.6892,64.5915,"Mekonomen, Lycksele, Korpstigen 1, 0950-662 70","Nedladdat från Koordinater.se"
21.4474,65.3229,"Mekonomen, Piteå, Fläktgatan 7, 0911-230900","Nedladdat från Koordinater.se"
15.2323,59.2966,"Mekonomen, Örebro, Karosserigatan 1, 019-273780","Nedladdat från Koordinater.se"
11.7799,57.7106,"Mekonomen, Torslanda, Gamla Flygplatsvägen 28 C, 031-924907","Nedladdat från Koordinater.se"
13.8768,58.3937,"Mekonomen, Skövde, Norregårdsvägen 1, 0500-48 99 10","Nedladdat från Koordinater.se"
17.9215,59.2791,"Mekonomen, Segeltorp, Smista Allé 11, 08-4494060","Nedladdat från Koordinater.se"
13.8343,55.442,"Mekonomen, Ystad, Jakobsbergsgatan 57, 0411-74000","Nedladdat från Koordinater.se"
13.0516,55.5662,"Mekonomen, Malmö, Hornyxegatan 9, 040-927070","Nedladdat från Koordinater.se"
16.7807,60.6232,"Mekonomen, Sandviken, Storgatan 29, 026-253186","Nedladdat från Koordinater.se"
13.5428,57.3085,"Mekonomen, Gislaved, Norra Storgatan 18, 0371-13544","Nedladdat från Koordinater.se"
17.2644,62.3919,"Mekonomen, Sundsvall, Axvägen 4, 060-147040","Nedladdat från Koordinater.se"
16.523,59.3756,"Mekonomen, Eskilstuna, Gränsgatan 11, 016-512050","Nedladdat från Koordinater.se"
17.9271,59.5102,"Mekonomen, Upplands Väsby, Stockholmsvägen 22, 08-59469920","Nedladdat från Koordinater.se"
16.6093,57.7616,"Mekonomen, Västervik, Allén 80	, 0490-151 51","Nedladdat från Koordinater.se"
16.6161,59.9183,"Mekonomen, Sala, Väsbygatan 6, 0224-18480","Nedladdat från Koordinater.se"
12.082,57.4838,"Mekonomen, Kungsbacka, Lantmannagatan 8, 0300 567180","Nedladdat från Koordinater.se"
12.9446,57.7133,"Mekonomen, Borås, Elinsdalsgatan 8, 033-22 21 30","Nedladdat från Koordinater.se"
12.8504,55.8818,"Mekonomen, Landskrona, Enoch Thulins väg 19, 0418-448200","Nedladdat från Koordinater.se"
14.9781,58.0357,"Mekonomen, Tranås, Ågatan 25, 0140-14030","Nedladdat från Koordinater.se"
16.1949,58.5802,"Mekonomen, Norrköping, Albrektsvägen 81, 011-105080","Nedladdat från Koordinater.se"
16.1681,58.5997,"Mekonomen, Norrköping, Stockholmsvägen 50, 011-120200","Nedladdat från Koordinater.se"
15.0165,58.5369,"Mekonomen, Motala, Vintergatan 11, 0141-214565","Nedladdat från Koordinater.se"
15.1371,58.3275,"Mekonomen, Mjölby, Kungsvägen 43, 0142-15413 / 17","Nedladdat från Koordinater.se"
15.5925,58.431,"Mekonomen, Linköping, Roxviksgatan 6, 013-101119","Nedladdat från Koordinater.se"
14.5659,61.0093,"Mekonomen, Mora, Vasagatan 3, 0250-13631","Nedladdat från Koordinater.se"
13.9698,56.3809,"Mekonomen, Osby, Klövervägen 26, 0479-13105","Nedladdat från Koordinater.se"
16.5589,59.642,"Mekonomen, Västerås, Friledningsgatan 9, 021-810022","Nedladdat från Koordinater.se"
17.84,59.4089,"Mekonomen, Järfälla, Nettovägen 5, 08-59469910","Nedladdat från Koordinater.se"
11.9371,57.6595,"Mekonomen, Västra Frölunda, A. Odhners Gata 4, 031-470910","Nedladdat från Koordinater.se"
17.9429,59.4288,"Mekonomen, Sollentuna, Malmvägen 63A, 08-59469900","Nedladdat från Koordinater.se"
14.4947,59.2999,"Mekonomen, Karlskoga, Skogsbovägen 4, 0586-34100","Nedladdat från Koordinater.se"
12.7323,56.0127,"Mekonomen, Helsingborg, Landskronavägen 14, 042-132400","Nedladdat från Koordinater.se"
12.0835,57.7397,"Mekonomen, Partille, Järnringen 19, 031-44 61 88","Nedladdat från Koordinater.se"
17.8498,59.6182,"Mekonomen, Märsta, Sönderborgsgatan 2, 08-59122960","Nedladdat från Koordinater.se"
12.6993,59.0638,"Mekonomen, Åmål, Karlstadsvägen 30, 0532-15568","Nedladdat från Koordinater.se"
11.9754,57.7238,"Mekonomen, Göteborg, Stålverksgatan 14, 031-653280","Nedladdat från Koordinater.se"
15.6058,60.6038,"Mekonomen, Falun, Ryckepungsvägen 1, 023-22030","Nedladdat från Koordinater.se"
13.5641,58.1616,"Mekonomen, Falköping, Hollendergatan 28, 0515-15249","Nedladdat från Koordinater.se"
15.8216,58.7006,"Mekonomen, Finspång, Skäggebyvägen 29, 0122-18180","Nedladdat från Koordinater.se"
18.2843,59.4789,"Mekonomen, Åkersberga, Sågvägen 10, 08-540 85 127","Nedladdat från Koordinater.se"
12.3397,58.3765,"Mekonomen, Vänersborg, Östra Vägen 28, 0521-19880","Nedladdat från Koordinater.se"
13.1696,55.7133,"Mekonomen, Lund, Annedalsvägen 7, 046-121220","Nedladdat från Koordinater.se"
22.1429,65.5966,"Mekonomen, Luleå, Ålgatan 10, 0920-232180","Nedladdat från Koordinater.se"
11.9861,57.8817,"Mekonomen, Kungälv, Filaregatan 1, 0303-206890","Nedladdat från Koordinater.se"
18.117,59.2362,"Mekonomen, Farsta, Frykdalsbacken 3, 08-605 98 80","Nedladdat från Koordinater.se"
12.5938,59.6689,"Mekonomen, Arvika, Blästervägen 1, 0570-13530","Nedladdat från Koordinater.se"
16.4243,61.3561,"Mekonomen, Bollnäs, Renshammarvägen 2, 0278-134 60","Nedladdat från Koordinater.se"
17.5883,59.8787,"Mekonomen, Uppsala, Hållnäsgatan 2, 018-515200","Nedladdat från Koordinater.se"
15.4193,60.4823,"Mekonomen, Borlänge, Gjutargatan 2, 0243-82320","Nedladdat från Koordinater.se"
17.0418,61.3041,"Mekonomen, Söderhamn, Växelgatan 9, 0270-12423","Nedladdat från Koordinater.se"
17.9294,59.2851,"Mekonomen, Skärholmen, Stensätravägen 6, 08-970270","Nedladdat från Koordinater.se"
12.3179,58.2778,"Mekonomen, Trollhättan, Bilprovarevägen 7, 0520-426670","Nedladdat från Koordinater.se"
20.3082,63.8509,"Mekonomen, Umeå, Formvägen 8D, 090-182270","Nedladdat från Koordinater.se"
18.7508,63.3067,"Mekonomen, Örnsköldsvik, Skortsedsvägen 7, 0660-16360","Nedladdat från Koordinater.se"
13.2691,56.2876,"Mekonomen, Örkelljunga, Ängelholmsvägen 28, 0435-52110","Nedladdat från Koordinater.se"
12.5637,57.9302,"Mekonomen, Alingsås, Kristineholmsvägen 26 B, 0322-668500","Nedladdat från Koordinater.se"
13.7473,56.1566,"Mekonomen, Hässleholm, Helsingborgsvägen 13, 0451-15220","Nedladdat från Koordinater.se"
12.8894,56.2516,"Mekonomen, Ängelholm, Heimdallgatan 44, 0431-16185","Nedladdat från Koordinater.se"
15.2071,60.1498,"Mekonomen, Ludvika, Gamla Bangatan 50, 0240-81705","Nedladdat från Koordinater.se"
13.9343,56.8275,"Mekonomen, Ljungby, Gängesvägen 12, 0372-88696","Nedladdat från Koordinater.se"
17.0308,59.3548,"Mekonomen, Strängnäs, Mästarvägen 8B, 0152-16868","Nedladdat från Koordinater.se"
18.0951,59.4488,"Mekonomen, Täby, Reprovägen 9, 08-7328650","Nedladdat från Koordinater.se"
13.0256,55.6049,"Mekonomen, Malmö, Sallerupsvägen 7, 040-295040","Nedladdat från Koordinater.se"
20.9626,64.7359,"Mekonomen, Skellefteå, Tjärnvägen 1, 0910-777416","Nedladdat från Koordinater.se"
18.2171,59.2468,"Mekonomen, Tyresö, Industrivägen 8, 08-7988000","Nedladdat från Koordinater.se"
16.447,57.2623,"Mekonomen, Oskarshamn, Hantverksgatan 22, 0491-13300","Nedladdat från Koordinater.se"
14.5941,56.0592,"Mekonomen, Sölvesborg, Bilgatan 1, 0456-41760","Nedladdat från Koordinater.se"
16.6122,59.6137,"Mekonomen, Västerås, Fältmätargatan 20, 021-414550","Nedladdat från Koordinater.se"
15.1069,57.4248,"Mekonomen, Vetlanda, Hammargatan 1, 0383-19350","Nedladdat från Koordinater.se"
14.7025,57.6474,"Mekonomen, Nässjö, Upplagsgatan 3-5, 0380-556989","Nedladdat från Koordinater.se"
15.6312,56.1996,"Mekonomen, Karlskrona, Gullbernavägen 12, 0455-369600","Nedladdat från Koordinater.se"
12.8436,56.6699,"Mekonomen, Halmstad, Flygaregatan 23, 035-101415","Nedladdat från Koordinater.se"
17.9126,62.6401,"Mekonomen, Härnösand, Industrigatan 2, 0611-24600","Nedladdat från Koordinater.se"
12.0197,57.6569,"Mekonomen, Mölndal, Nämndemansgatan 1, 031-279174","Nedladdat från Koordinater.se"
14.0998,59.316,"Mekonomen, Kristinehamn, Karlstadsvägen 42, 0550-18280","Nedladdat från Koordinater.se"
17.2593,63.1613,"Mekonomen, Sollefteå, Industrivägen 15, 0620-57750","Nedladdat från Koordinater.se"
17.0939,61.7336,"Mekonomen, Hudiksvall, Furulundsvägen 6, 0650-17733","Nedladdat från Koordinater.se"
15.1662,59.2671,"Mekonomen, Örebro, Verkstadsgatan 2, 019-262190","Nedladdat från Koordinater.se"
12.7488,56.0904,"Mekonomen, Helsingborg, Ekslingan 10, 042-202531","Nedladdat från Koordinater.se"
14.0379,57.1897,"Mekonomen, Värnamo, Jönköpingsvägen 21, 0370-15505","Nedladdat från Koordinater.se"
12.254,57.1163,"Mekonomen, Varberg, Birger Svenssons Väg 30, 0340-83400","Nedladdat från Koordinater.se"
17.3288,62.4418,"Mekonomen, Sundsvall, Lärlingsvägen 1, 060-147030","Nedladdat från Koordinater.se"
17.7835,62.9187,"Mekonomen, Kramfors, Prästgränd 2, 0612-14700","Nedladdat från Koordinater.se"
15.2662,56.2151,"Mekonomen, Ronneby, Västra Industrigatan 2, 0457-13530","Nedladdat från Koordinater.se"
16.9926,58.7521,"Mekonomen, Nyköping, Hemgårdsvägen 6, 0155-214045","Nedladdat från Koordinater.se"
13.8333,58.7107,"Mekonomen, Mariestad, Karlsrogatan 13, 0501-15175","Nedladdat från Koordinater.se"
14.1408,56.0229,"Mekonomen, Kristianstad, Nässelvägen 5, 044-219906","Nedladdat från Koordinater.se"
13.5572,59.3821,"Mekonomen, Karlstad, Östanvindsgatan 3, 054-851690","Nedladdat från Koordinater.se"
14.8485,56.1862,"Mekonomen, Karlshamn, Nyemöllevägen 2, 0454-16650","Nedladdat från Koordinater.se"
16.328,56.6941,"Mekonomen, Kalmar, Tyska Vägen 2, 0480-62270","Nedladdat från Koordinater.se"
14.1774,57.7662,"Mekonomen, Jönköping, Bangårdsgatan 7, 036-166920","Nedladdat från Koordinater.se"
12.4637,56.9075,"Mekonomen, Falkenberg, Oktanvägen 2, 0346-13995","Nedladdat från Koordinater.se"
12.9446,57.7133,"Mekonomen, Borås, Elinsdalsgatan 8, 033-12 40 45","Nedladdat från Koordinater.se"
17.6447,59.1868,"Mekonomen, Södertälje, Viksängsvägen 10, 08-55032075","Nedladdat från Koordinater.se"
17.1666,60.657,"Mekonomen, Gävle, Kryddstigen 1, 026-100110","Nedladdat från Koordinater.se"
14.691,63.1741,"Mekonomen, Östersund, Chaufförvägen 20, 063-575880","Nedladdat från Koordinater.se"
14.7791,56.8894,"Mekonomen, Växjö, Smedjegatan 45, 0470-22659","Nedladdat från Koordinater.se"
18.0447,59.3444,"Mekonomen, Stockholm, Västmannagatan 77, 08-335490","Nedladdat från Koordinater.se"
18.0114,59.2942,"Mekonomen, Hägersten, Västberga Allé 36B, 08-91 41 90","Nedladdat från Koordinater.se"
15.9924,60.2864,"Mekonomen, Hedemora, Ivarshyttevägen 6, 0225-14765","Nedladdat från Koordinater.se"
18.3029,57.6366,"Mekonomen, Visby, Österväg 31, 0498-218327","Nedladdat från Koordinater.se"
17.0873,59.6492,"Mekonomen, Enköping, Åkerbygatan 2, 0171-38850","Nedladdat från Koordinater.se"
17.9829,59.3504,"Mekonomen, Solna, Anderstorpsvägen 14, 08-7305390","Nedladdat från Koordinater.se"
18.6906,59.7633,"Mekonomen, Norrtälje, Lommarvägen 1, 0176-16655","Nedladdat från Koordinater.se"
17.894,59.3459,"Mekonomen, Bromma, Islandstorget, 08-374200","Nedladdat från Koordinater.se"
18.1329,59.3041,"Mekonomen, Nacka, Planiavägen 28, 08-7163400","Nedladdat från Koordinater.se"
15.8436,57.6664,"Mekonomen, Vimmerby, Åbroallén 6, 0492-10065","Nedladdat från Koordinater.se"
17.6937,59.8524,"Mekonomen, Uppsala, Fyrislundsgatan 79, 018-102035","Nedladdat från Koordinater.se"
18.1553,59.1682,"Mekonomen, Haninge, Hantverkarvägen 39, 08-7772430","Nedladdat från Koordinater.se"
17.0340345,59.3393652,"Mekonomen, Centrallager","Nedladdat från Koordinater.se"
14.650944,63.189111,"Mekonomen stadsdel norr","Nedladdat från Koordinater.se"
